[0.162s] DEBUG:colcon:Command line arguments: ['/usr/bin/colcon', 'build', '--symlink-install']
[0.162s] DEBUG:colcon:Parsed command line arguments: Namespace(log_base=None, log_level=None, verb_name='build', build_base='build', install_base='install', merge_install=False, symlink_install=True, test_result_base=None, continue_on_error=False, executor='parallel', parallel_workers=16, event_handlers=None, ignore_user_meta=False, metas=['./colcon.meta'], base_paths=['.'], packages_ignore=None, packages_ignore_regex=None, paths=None, packages_up_to=None, packages_up_to_regex=None, packages_above=None, packages_above_and_dependencies=None, packages_above_depth=None, packages_select_by_dep=None, packages_skip_by_dep=None, packages_skip_up_to=None, packages_select_build_failed=False, packages_skip_build_finished=False, packages_select_test_failures=False, packages_skip_test_passed=False, packages_select=None, packages_skip=None, packages_select_regex=None, packages_skip_regex=None, packages_start=None, packages_end=None, allow_overriding=[], cmake_args=None, cmake_target=None, cmake_target_skip_unavailable=False, cmake_clean_cache=False, cmake_clean_first=False, cmake_force_configure=False, ament_cmake_args=None, catkin_cmake_args=None, catkin_skip_building_tests=False, verb_parser=<colcon_defaults.argument_parser.defaults.DefaultArgumentsDecorator object at 0x771c5a08d8a0>, verb_extension=<colcon_core.verb.build.BuildVerb object at 0x771c5a00eec0>, main=<bound method BuildVerb.main of <colcon_core.verb.build.BuildVerb object at 0x771c5a00eec0>>)
[0.448s] Level 1:colcon.colcon_core.package_discovery:discover_packages(colcon_meta) check parameters
[0.449s] Level 1:colcon.colcon_core.package_discovery:discover_packages(recursive) check parameters
[0.449s] Level 1:colcon.colcon_core.package_discovery:discover_packages(ignore) check parameters
[0.449s] Level 1:colcon.colcon_core.package_discovery:discover_packages(path) check parameters
[0.449s] Level 1:colcon.colcon_core.package_discovery:discover_packages(colcon_meta) discover
[0.449s] Level 1:colcon.colcon_core.package_discovery:discover_packages(recursive) discover
[0.449s] INFO:colcon.colcon_core.package_discovery:Crawling recursively for packages in '/home/tejasva/robotdog_ws_copy'
[0.449s] Level 1:colcon.colcon_core.package_identification:_identify(.) by extensions ['ignore', 'ignore_ament_install']
[0.449s] Level 1:colcon.colcon_core.package_identification:_identify(.) by extension 'ignore'
[0.449s] Level 1:colcon.colcon_core.package_identification:_identify(.) by extension 'ignore_ament_install'
[0.449s] Level 1:colcon.colcon_core.package_identification:_identify(.) by extensions ['colcon_pkg']
[0.449s] Level 1:colcon.colcon_core.package_identification:_identify(.) by extension 'colcon_pkg'
[0.449s] Level 1:colcon.colcon_core.package_identification:_identify(.) by extensions ['colcon_meta']
[0.449s] Level 1:colcon.colcon_core.package_identification:_identify(.) by extension 'colcon_meta'
[0.449s] Level 1:colcon.colcon_core.package_identification:_identify(.) by extensions ['ros']
[0.449s] Level 1:colcon.colcon_core.package_identification:_identify(.) by extension 'ros'
[0.471s] Level 1:colcon.colcon_core.package_identification:_identify(.) by extensions ['cmake', 'python']
[0.472s] Level 1:colcon.colcon_core.package_identification:_identify(.) by extension 'cmake'
[0.472s] Level 1:colcon.colcon_core.package_identification:_identify(.) by extension 'python'
[0.472s] Level 1:colcon.colcon_core.package_identification:_identify(.) by extensions ['python_setup_py']
[0.472s] Level 1:colcon.colcon_core.package_identification:_identify(.) by extension 'python_setup_py'
[0.472s] Level 1:colcon.colcon_core.package_identification:_identify(Relevant_Material) by extensions ['ignore', 'ignore_ament_install']
[0.472s] Level 1:colcon.colcon_core.package_identification:_identify(Relevant_Material) by extension 'ignore'
[0.472s] Level 1:colcon.colcon_core.package_identification:_identify(Relevant_Material) by extension 'ignore_ament_install'
[0.472s] Level 1:colcon.colcon_core.package_identification:_identify(Relevant_Material) by extensions ['colcon_pkg']
[0.472s] Level 1:colcon.colcon_core.package_identification:_identify(Relevant_Material) by extension 'colcon_pkg'
[0.472s] Level 1:colcon.colcon_core.package_identification:_identify(Relevant_Material) by extensions ['colcon_meta']
[0.472s] Level 1:colcon.colcon_core.package_identification:_identify(Relevant_Material) by extension 'colcon_meta'
[0.472s] Level 1:colcon.colcon_core.package_identification:_identify(Relevant_Material) by extensions ['ros']
[0.472s] Level 1:colcon.colcon_core.package_identification:_identify(Relevant_Material) by extension 'ros'
[0.472s] Level 1:colcon.colcon_core.package_identification:_identify(Relevant_Material) by extensions ['cmake', 'python']
[0.472s] Level 1:colcon.colcon_core.package_identification:_identify(Relevant_Material) by extension 'cmake'
[0.472s] Level 1:colcon.colcon_core.package_identification:_identify(Relevant_Material) by extension 'python'
[0.472s] Level 1:colcon.colcon_core.package_identification:_identify(Relevant_Material) by extensions ['python_setup_py']
[0.472s] Level 1:colcon.colcon_core.package_identification:_identify(Relevant_Material) by extension 'python_setup_py'
[0.472s] Level 1:colcon.colcon_core.package_identification:_identify(build) by extensions ['ignore', 'ignore_ament_install']
[0.472s] Level 1:colcon.colcon_core.package_identification:_identify(build) by extension 'ignore'
[0.473s] Level 1:colcon.colcon_core.package_identification:_identify(build) ignored
[0.473s] Level 1:colcon.colcon_core.package_identification:_identify(install) by extensions ['ignore', 'ignore_ament_install']
[0.473s] Level 1:colcon.colcon_core.package_identification:_identify(install) by extension 'ignore'
[0.473s] Level 1:colcon.colcon_core.package_identification:_identify(install) ignored
[0.473s] Level 1:colcon.colcon_core.package_identification:_identify(log) by extensions ['ignore', 'ignore_ament_install']
[0.473s] Level 1:colcon.colcon_core.package_identification:_identify(log) by extension 'ignore'
[0.473s] Level 1:colcon.colcon_core.package_identification:_identify(log) ignored
[0.473s] Level 1:colcon.colcon_core.package_identification:_identify(src) by extensions ['ignore', 'ignore_ament_install']
[0.473s] Level 1:colcon.colcon_core.package_identification:_identify(src) by extension 'ignore'
[0.473s] Level 1:colcon.colcon_core.package_identification:_identify(src) by extension 'ignore_ament_install'
[0.473s] Level 1:colcon.colcon_core.package_identification:_identify(src) by extensions ['colcon_pkg']
[0.473s] Level 1:colcon.colcon_core.package_identification:_identify(src) by extension 'colcon_pkg'
[0.473s] Level 1:colcon.colcon_core.package_identification:_identify(src) by extensions ['colcon_meta']
[0.473s] Level 1:colcon.colcon_core.package_identification:_identify(src) by extension 'colcon_meta'
[0.473s] Level 1:colcon.colcon_core.package_identification:_identify(src) by extensions ['ros']
[0.473s] Level 1:colcon.colcon_core.package_identification:_identify(src) by extension 'ros'
[0.473s] Level 1:colcon.colcon_core.package_identification:_identify(src) by extensions ['cmake', 'python']
[0.473s] Level 1:colcon.colcon_core.package_identification:_identify(src) by extension 'cmake'
[0.473s] Level 1:colcon.colcon_core.package_identification:_identify(src) by extension 'python'
[0.474s] Level 1:colcon.colcon_core.package_identification:_identify(src) by extensions ['python_setup_py']
[0.474s] Level 1:colcon.colcon_core.package_identification:_identify(src) by extension 'python_setup_py'
[0.474s] Level 1:colcon.colcon_core.package_identification:_identify(src/microros_ws) by extensions ['ignore', 'ignore_ament_install']
[0.474s] Level 1:colcon.colcon_core.package_identification:_identify(src/microros_ws) by extension 'ignore'
[0.474s] Level 1:colcon.colcon_core.package_identification:_identify(src/microros_ws) by extension 'ignore_ament_install'
[0.474s] Level 1:colcon.colcon_core.package_identification:_identify(src/microros_ws) by extensions ['colcon_pkg']
[0.474s] Level 1:colcon.colcon_core.package_identification:_identify(src/microros_ws) by extension 'colcon_pkg'
[0.474s] Level 1:colcon.colcon_core.package_identification:_identify(src/microros_ws) by extensions ['colcon_meta']
[0.474s] Level 1:colcon.colcon_core.package_identification:_identify(src/microros_ws) by extension 'colcon_meta'
[0.474s] Level 1:colcon.colcon_core.package_identification:_identify(src/microros_ws) by extensions ['ros']
[0.474s] Level 1:colcon.colcon_core.package_identification:_identify(src/microros_ws) by extension 'ros'
[0.474s] Level 1:colcon.colcon_core.package_identification:_identify(src/microros_ws) by extensions ['cmake', 'python']
[0.474s] Level 1:colcon.colcon_core.package_identification:_identify(src/microros_ws) by extension 'cmake'
[0.474s] Level 1:colcon.colcon_core.package_identification:_identify(src/microros_ws) by extension 'python'
[0.474s] Level 1:colcon.colcon_core.package_identification:_identify(src/microros_ws) by extensions ['python_setup_py']
[0.474s] Level 1:colcon.colcon_core.package_identification:_identify(src/microros_ws) by extension 'python_setup_py'
[0.474s] Level 1:colcon.colcon_core.package_identification:_identify(src/microros_ws/micro_ros_setup) by extensions ['ignore', 'ignore_ament_install']
[0.474s] Level 1:colcon.colcon_core.package_identification:_identify(src/microros_ws/micro_ros_setup) by extension 'ignore'
[0.474s] Level 1:colcon.colcon_core.package_identification:_identify(src/microros_ws/micro_ros_setup) by extension 'ignore_ament_install'
[0.475s] Level 1:colcon.colcon_core.package_identification:_identify(src/microros_ws/micro_ros_setup) by extensions ['colcon_pkg']
[0.475s] Level 1:colcon.colcon_core.package_identification:_identify(src/microros_ws/micro_ros_setup) by extension 'colcon_pkg'
[0.475s] Level 1:colcon.colcon_core.package_identification:_identify(src/microros_ws/micro_ros_setup) by extensions ['colcon_meta']
[0.475s] Level 1:colcon.colcon_core.package_identification:_identify(src/microros_ws/micro_ros_setup) by extension 'colcon_meta'
[0.475s] Level 1:colcon.colcon_core.package_identification:_identify(src/microros_ws/micro_ros_setup) by extensions ['ros']
[0.475s] Level 1:colcon.colcon_core.package_identification:_identify(src/microros_ws/micro_ros_setup) by extension 'ros'
[0.477s] DEBUG:colcon.colcon_core.package_identification:Package 'src/microros_ws/micro_ros_setup' with type 'ros.ament_cmake' and name 'micro_ros_setup'
[0.478s] Level 1:colcon.colcon_core.package_identification:_identify(src/microros_ws/uros) by extensions ['ignore', 'ignore_ament_install']
[0.478s] Level 1:colcon.colcon_core.package_identification:_identify(src/microros_ws/uros) by extension 'ignore'
[0.478s] Level 1:colcon.colcon_core.package_identification:_identify(src/microros_ws/uros) by extension 'ignore_ament_install'
[0.478s] Level 1:colcon.colcon_core.package_identification:_identify(src/microros_ws/uros) by extensions ['colcon_pkg']
[0.478s] Level 1:colcon.colcon_core.package_identification:_identify(src/microros_ws/uros) by extension 'colcon_pkg'
[0.478s] Level 1:colcon.colcon_core.package_identification:_identify(src/microros_ws/uros) by extensions ['colcon_meta']
[0.478s] Level 1:colcon.colcon_core.package_identification:_identify(src/microros_ws/uros) by extension 'colcon_meta'
[0.478s] Level 1:colcon.colcon_core.package_identification:_identify(src/microros_ws/uros) by extensions ['ros']
[0.478s] Level 1:colcon.colcon_core.package_identification:_identify(src/microros_ws/uros) by extension 'ros'
[0.478s] Level 1:colcon.colcon_core.package_identification:_identify(src/microros_ws/uros) by extensions ['cmake', 'python']
[0.478s] Level 1:colcon.colcon_core.package_identification:_identify(src/microros_ws/uros) by extension 'cmake'
[0.478s] Level 1:colcon.colcon_core.package_identification:_identify(src/microros_ws/uros) by extension 'python'
[0.478s] Level 1:colcon.colcon_core.package_identification:_identify(src/microros_ws/uros) by extensions ['python_setup_py']
[0.478s] Level 1:colcon.colcon_core.package_identification:_identify(src/microros_ws/uros) by extension 'python_setup_py'
[0.478s] Level 1:colcon.colcon_core.package_identification:_identify(src/microros_ws/uros/micro-ROS-Agent) by extensions ['ignore', 'ignore_ament_install']
[0.478s] Level 1:colcon.colcon_core.package_identification:_identify(src/microros_ws/uros/micro-ROS-Agent) by extension 'ignore'
[0.478s] Level 1:colcon.colcon_core.package_identification:_identify(src/microros_ws/uros/micro-ROS-Agent) by extension 'ignore_ament_install'
[0.478s] Level 1:colcon.colcon_core.package_identification:_identify(src/microros_ws/uros/micro-ROS-Agent) by extensions ['colcon_pkg']
[0.478s] Level 1:colcon.colcon_core.package_identification:_identify(src/microros_ws/uros/micro-ROS-Agent) by extension 'colcon_pkg'
[0.479s] Level 1:colcon.colcon_core.package_identification:_identify(src/microros_ws/uros/micro-ROS-Agent) by extensions ['colcon_meta']
[0.479s] Level 1:colcon.colcon_core.package_identification:_identify(src/microros_ws/uros/micro-ROS-Agent) by extension 'colcon_meta'
[0.479s] Level 1:colcon.colcon_core.package_identification:_identify(src/microros_ws/uros/micro-ROS-Agent) by extensions ['ros']
[0.479s] Level 1:colcon.colcon_core.package_identification:_identify(src/microros_ws/uros/micro-ROS-Agent) by extension 'ros'
[0.479s] Level 1:colcon.colcon_core.package_identification:_identify(src/microros_ws/uros/micro-ROS-Agent) by extensions ['cmake', 'python']
[0.479s] Level 1:colcon.colcon_core.package_identification:_identify(src/microros_ws/uros/micro-ROS-Agent) by extension 'cmake'
[0.479s] Level 1:colcon.colcon_core.package_identification:_identify(src/microros_ws/uros/micro-ROS-Agent) by extension 'python'
[0.479s] Level 1:colcon.colcon_core.package_identification:_identify(src/microros_ws/uros/micro-ROS-Agent) by extensions ['python_setup_py']
[0.479s] Level 1:colcon.colcon_core.package_identification:_identify(src/microros_ws/uros/micro-ROS-Agent) by extension 'python_setup_py'
[0.479s] Level 1:colcon.colcon_core.package_identification:_identify(src/microros_ws/uros/micro-ROS-Agent/micro_ros_agent) by extensions ['ignore', 'ignore_ament_install']
[0.479s] Level 1:colcon.colcon_core.package_identification:_identify(src/microros_ws/uros/micro-ROS-Agent/micro_ros_agent) by extension 'ignore'
[0.479s] Level 1:colcon.colcon_core.package_identification:_identify(src/microros_ws/uros/micro-ROS-Agent/micro_ros_agent) by extension 'ignore_ament_install'
[0.479s] Level 1:colcon.colcon_core.package_identification:_identify(src/microros_ws/uros/micro-ROS-Agent/micro_ros_agent) by extensions ['colcon_pkg']
[0.479s] Level 1:colcon.colcon_core.package_identification:_identify(src/microros_ws/uros/micro-ROS-Agent/micro_ros_agent) by extension 'colcon_pkg'
[0.479s] Level 1:colcon.colcon_core.package_identification:_identify(src/microros_ws/uros/micro-ROS-Agent/micro_ros_agent) by extensions ['colcon_meta']
[0.479s] Level 1:colcon.colcon_core.package_identification:_identify(src/microros_ws/uros/micro-ROS-Agent/micro_ros_agent) by extension 'colcon_meta'
[0.479s] Level 1:colcon.colcon_core.package_identification:_identify(src/microros_ws/uros/micro-ROS-Agent/micro_ros_agent) by extensions ['ros']
[0.479s] Level 1:colcon.colcon_core.package_identification:_identify(src/microros_ws/uros/micro-ROS-Agent/micro_ros_agent) by extension 'ros'
[0.480s] DEBUG:colcon.colcon_core.package_identification:Package 'src/microros_ws/uros/micro-ROS-Agent/micro_ros_agent' with type 'ros.ament_cmake' and name 'micro_ros_agent'
[0.480s] Level 1:colcon.colcon_core.package_identification:_identify(src/microros_ws/uros/micro-ROS-Agent/snap) by extensions ['ignore', 'ignore_ament_install']
[0.480s] Level 1:colcon.colcon_core.package_identification:_identify(src/microros_ws/uros/micro-ROS-Agent/snap) by extension 'ignore'
[0.480s] Level 1:colcon.colcon_core.package_identification:_identify(src/microros_ws/uros/micro-ROS-Agent/snap) by extension 'ignore_ament_install'
[0.480s] Level 1:colcon.colcon_core.package_identification:_identify(src/microros_ws/uros/micro-ROS-Agent/snap) by extensions ['colcon_pkg']
[0.480s] Level 1:colcon.colcon_core.package_identification:_identify(src/microros_ws/uros/micro-ROS-Agent/snap) by extension 'colcon_pkg'
[0.480s] Level 1:colcon.colcon_core.package_identification:_identify(src/microros_ws/uros/micro-ROS-Agent/snap) by extensions ['colcon_meta']
[0.480s] Level 1:colcon.colcon_core.package_identification:_identify(src/microros_ws/uros/micro-ROS-Agent/snap) by extension 'colcon_meta'
[0.481s] Level 1:colcon.colcon_core.package_identification:_identify(src/microros_ws/uros/micro-ROS-Agent/snap) by extensions ['ros']
[0.481s] Level 1:colcon.colcon_core.package_identification:_identify(src/microros_ws/uros/micro-ROS-Agent/snap) by extension 'ros'
[0.481s] Level 1:colcon.colcon_core.package_identification:_identify(src/microros_ws/uros/micro-ROS-Agent/snap) by extensions ['cmake', 'python']
[0.481s] Level 1:colcon.colcon_core.package_identification:_identify(src/microros_ws/uros/micro-ROS-Agent/snap) by extension 'cmake'
[0.481s] Level 1:colcon.colcon_core.package_identification:_identify(src/microros_ws/uros/micro-ROS-Agent/snap) by extension 'python'
[0.481s] Level 1:colcon.colcon_core.package_identification:_identify(src/microros_ws/uros/micro-ROS-Agent/snap) by extensions ['python_setup_py']
[0.481s] Level 1:colcon.colcon_core.package_identification:_identify(src/microros_ws/uros/micro-ROS-Agent/snap) by extension 'python_setup_py'
[0.481s] Level 1:colcon.colcon_core.package_identification:_identify(src/microros_ws/uros/micro-ROS-Agent/snap/hooks) by extensions ['ignore', 'ignore_ament_install']
[0.481s] Level 1:colcon.colcon_core.package_identification:_identify(src/microros_ws/uros/micro-ROS-Agent/snap/hooks) by extension 'ignore'
[0.481s] Level 1:colcon.colcon_core.package_identification:_identify(src/microros_ws/uros/micro-ROS-Agent/snap/hooks) by extension 'ignore_ament_install'
[0.481s] Level 1:colcon.colcon_core.package_identification:_identify(src/microros_ws/uros/micro-ROS-Agent/snap/hooks) by extensions ['colcon_pkg']
[0.481s] Level 1:colcon.colcon_core.package_identification:_identify(src/microros_ws/uros/micro-ROS-Agent/snap/hooks) by extension 'colcon_pkg'
[0.481s] Level 1:colcon.colcon_core.package_identification:_identify(src/microros_ws/uros/micro-ROS-Agent/snap/hooks) by extensions ['colcon_meta']
[0.481s] Level 1:colcon.colcon_core.package_identification:_identify(src/microros_ws/uros/micro-ROS-Agent/snap/hooks) by extension 'colcon_meta'
[0.481s] Level 1:colcon.colcon_core.package_identification:_identify(src/microros_ws/uros/micro-ROS-Agent/snap/hooks) by extensions ['ros']
[0.481s] Level 1:colcon.colcon_core.package_identification:_identify(src/microros_ws/uros/micro-ROS-Agent/snap/hooks) by extension 'ros'
[0.481s] Level 1:colcon.colcon_core.package_identification:_identify(src/microros_ws/uros/micro-ROS-Agent/snap/hooks) by extensions ['cmake', 'python']
[0.481s] Level 1:colcon.colcon_core.package_identification:_identify(src/microros_ws/uros/micro-ROS-Agent/snap/hooks) by extension 'cmake'
[0.481s] Level 1:colcon.colcon_core.package_identification:_identify(src/microros_ws/uros/micro-ROS-Agent/snap/hooks) by extension 'python'
[0.482s] Level 1:colcon.colcon_core.package_identification:_identify(src/microros_ws/uros/micro-ROS-Agent/snap/hooks) by extensions ['python_setup_py']
[0.482s] Level 1:colcon.colcon_core.package_identification:_identify(src/microros_ws/uros/micro-ROS-Agent/snap/hooks) by extension 'python_setup_py'
[0.482s] Level 1:colcon.colcon_core.package_identification:_identify(src/microros_ws/uros/micro-ROS-Agent/snap/local) by extensions ['ignore', 'ignore_ament_install']
[0.482s] Level 1:colcon.colcon_core.package_identification:_identify(src/microros_ws/uros/micro-ROS-Agent/snap/local) by extension 'ignore'
[0.482s] Level 1:colcon.colcon_core.package_identification:_identify(src/microros_ws/uros/micro-ROS-Agent/snap/local) by extension 'ignore_ament_install'
[0.482s] Level 1:colcon.colcon_core.package_identification:_identify(src/microros_ws/uros/micro-ROS-Agent/snap/local) by extensions ['colcon_pkg']
[0.482s] Level 1:colcon.colcon_core.package_identification:_identify(src/microros_ws/uros/micro-ROS-Agent/snap/local) by extension 'colcon_pkg'
[0.482s] Level 1:colcon.colcon_core.package_identification:_identify(src/microros_ws/uros/micro-ROS-Agent/snap/local) by extensions ['colcon_meta']
[0.482s] Level 1:colcon.colcon_core.package_identification:_identify(src/microros_ws/uros/micro-ROS-Agent/snap/local) by extension 'colcon_meta'
[0.482s] Level 1:colcon.colcon_core.package_identification:_identify(src/microros_ws/uros/micro-ROS-Agent/snap/local) by extensions ['ros']
[0.482s] Level 1:colcon.colcon_core.package_identification:_identify(src/microros_ws/uros/micro-ROS-Agent/snap/local) by extension 'ros'
[0.482s] Level 1:colcon.colcon_core.package_identification:_identify(src/microros_ws/uros/micro-ROS-Agent/snap/local) by extensions ['cmake', 'python']
[0.482s] Level 1:colcon.colcon_core.package_identification:_identify(src/microros_ws/uros/micro-ROS-Agent/snap/local) by extension 'cmake'
[0.482s] Level 1:colcon.colcon_core.package_identification:_identify(src/microros_ws/uros/micro-ROS-Agent/snap/local) by extension 'python'
[0.482s] Level 1:colcon.colcon_core.package_identification:_identify(src/microros_ws/uros/micro-ROS-Agent/snap/local) by extensions ['python_setup_py']
[0.482s] Level 1:colcon.colcon_core.package_identification:_identify(src/microros_ws/uros/micro-ROS-Agent/snap/local) by extension 'python_setup_py'
[0.482s] Level 1:colcon.colcon_core.package_identification:_identify(src/microros_ws/uros/micro_ros_msgs) by extensions ['ignore', 'ignore_ament_install']
[0.483s] Level 1:colcon.colcon_core.package_identification:_identify(src/microros_ws/uros/micro_ros_msgs) by extension 'ignore'
[0.483s] Level 1:colcon.colcon_core.package_identification:_identify(src/microros_ws/uros/micro_ros_msgs) by extension 'ignore_ament_install'
[0.483s] Level 1:colcon.colcon_core.package_identification:_identify(src/microros_ws/uros/micro_ros_msgs) by extensions ['colcon_pkg']
[0.483s] Level 1:colcon.colcon_core.package_identification:_identify(src/microros_ws/uros/micro_ros_msgs) by extension 'colcon_pkg'
[0.483s] Level 1:colcon.colcon_core.package_identification:_identify(src/microros_ws/uros/micro_ros_msgs) by extensions ['colcon_meta']
[0.483s] Level 1:colcon.colcon_core.package_identification:_identify(src/microros_ws/uros/micro_ros_msgs) by extension 'colcon_meta'
[0.483s] Level 1:colcon.colcon_core.package_identification:_identify(src/microros_ws/uros/micro_ros_msgs) by extensions ['ros']
[0.483s] Level 1:colcon.colcon_core.package_identification:_identify(src/microros_ws/uros/micro_ros_msgs) by extension 'ros'
[0.483s] DEBUG:colcon.colcon_core.package_identification:Package 'src/microros_ws/uros/micro_ros_msgs' with type 'ros.ament_cmake' and name 'micro_ros_msgs'
[0.483s] Level 1:colcon.colcon_core.package_identification:_identify(src/robotdog_control) by extensions ['ignore', 'ignore_ament_install']
[0.484s] Level 1:colcon.colcon_core.package_identification:_identify(src/robotdog_control) by extension 'ignore'
[0.484s] Level 1:colcon.colcon_core.package_identification:_identify(src/robotdog_control) by extension 'ignore_ament_install'
[0.484s] Level 1:colcon.colcon_core.package_identification:_identify(src/robotdog_control) by extensions ['colcon_pkg']
[0.484s] Level 1:colcon.colcon_core.package_identification:_identify(src/robotdog_control) by extension 'colcon_pkg'
[0.484s] Level 1:colcon.colcon_core.package_identification:_identify(src/robotdog_control) by extensions ['colcon_meta']
[0.484s] Level 1:colcon.colcon_core.package_identification:_identify(src/robotdog_control) by extension 'colcon_meta'
[0.484s] Level 1:colcon.colcon_core.package_identification:_identify(src/robotdog_control) by extensions ['ros']
[0.484s] Level 1:colcon.colcon_core.package_identification:_identify(src/robotdog_control) by extension 'ros'
[0.484s] DEBUG:colcon.colcon_core.package_identification:Package 'src/robotdog_control' with type 'ros.ament_python' and name 'robotdog_control'
[0.484s] Level 1:colcon.colcon_core.package_identification:_identify(src/robotdog_description) by extensions ['ignore', 'ignore_ament_install']
[0.484s] Level 1:colcon.colcon_core.package_identification:_identify(src/robotdog_description) by extension 'ignore'
[0.485s] Level 1:colcon.colcon_core.package_identification:_identify(src/robotdog_description) by extension 'ignore_ament_install'
[0.485s] Level 1:colcon.colcon_core.package_identification:_identify(src/robotdog_description) by extensions ['colcon_pkg']
[0.485s] Level 1:colcon.colcon_core.package_identification:_identify(src/robotdog_description) by extension 'colcon_pkg'
[0.485s] Level 1:colcon.colcon_core.package_identification:_identify(src/robotdog_description) by extensions ['colcon_meta']
[0.485s] Level 1:colcon.colcon_core.package_identification:_identify(src/robotdog_description) by extension 'colcon_meta'
[0.485s] Level 1:colcon.colcon_core.package_identification:_identify(src/robotdog_description) by extensions ['ros']
[0.485s] Level 1:colcon.colcon_core.package_identification:_identify(src/robotdog_description) by extension 'ros'
[0.485s] DEBUG:colcon.colcon_core.package_identification:Package 'src/robotdog_description' with type 'ros.ament_cmake' and name 'robotdog_description'
[0.485s] Level 1:colcon.colcon_core.package_identification:_identify(src/robotdog_msgs) by extensions ['ignore', 'ignore_ament_install']
[0.486s] Level 1:colcon.colcon_core.package_identification:_identify(src/robotdog_msgs) by extension 'ignore'
[0.486s] Level 1:colcon.colcon_core.package_identification:_identify(src/robotdog_msgs) by extension 'ignore_ament_install'
[0.486s] Level 1:colcon.colcon_core.package_identification:_identify(src/robotdog_msgs) by extensions ['colcon_pkg']
[0.486s] Level 1:colcon.colcon_core.package_identification:_identify(src/robotdog_msgs) by extension 'colcon_pkg'
[0.486s] Level 1:colcon.colcon_core.package_identification:_identify(src/robotdog_msgs) by extensions ['colcon_meta']
[0.486s] Level 1:colcon.colcon_core.package_identification:_identify(src/robotdog_msgs) by extension 'colcon_meta'
[0.486s] Level 1:colcon.colcon_core.package_identification:_identify(src/robotdog_msgs) by extensions ['ros']
[0.486s] Level 1:colcon.colcon_core.package_identification:_identify(src/robotdog_msgs) by extension 'ros'
[0.486s] DEBUG:colcon.colcon_core.package_identification:Package 'src/robotdog_msgs' with type 'ros.ament_cmake' and name 'robotdog_msgs'
[0.487s] Level 1:colcon.colcon_core.package_identification:_identify(src/robotdog_teleop) by extensions ['ignore', 'ignore_ament_install']
[0.487s] Level 1:colcon.colcon_core.package_identification:_identify(src/robotdog_teleop) by extension 'ignore'
[0.487s] Level 1:colcon.colcon_core.package_identification:_identify(src/robotdog_teleop) by extension 'ignore_ament_install'
[0.487s] Level 1:colcon.colcon_core.package_identification:_identify(src/robotdog_teleop) by extensions ['colcon_pkg']
[0.487s] Level 1:colcon.colcon_core.package_identification:_identify(src/robotdog_teleop) by extension 'colcon_pkg'
[0.487s] Level 1:colcon.colcon_core.package_identification:_identify(src/robotdog_teleop) by extensions ['colcon_meta']
[0.487s] Level 1:colcon.colcon_core.package_identification:_identify(src/robotdog_teleop) by extension 'colcon_meta'
[0.487s] Level 1:colcon.colcon_core.package_identification:_identify(src/robotdog_teleop) by extensions ['ros']
[0.487s] Level 1:colcon.colcon_core.package_identification:_identify(src/robotdog_teleop) by extension 'ros'
[0.488s] DEBUG:colcon.colcon_core.package_identification:Package 'src/robotdog_teleop' with type 'ros.ament_cmake' and name 'robotdog_teleop'
[0.488s] Level 1:colcon.colcon_core.package_discovery:discover_packages(recursive) using defaults
[0.488s] Level 1:colcon.colcon_core.package_discovery:discover_packages(ignore) discover
[0.488s] Level 1:colcon.colcon_core.package_discovery:discover_packages(ignore) using defaults
[0.488s] Level 1:colcon.colcon_core.package_discovery:discover_packages(path) discover
[0.488s] Level 1:colcon.colcon_core.package_discovery:discover_packages(path) using defaults
[0.511s] Level 1:colcon.colcon_core.package_discovery:discover_packages(prefix_path) check parameters
[0.511s] Level 1:colcon.colcon_core.package_discovery:discover_packages(prefix_path) discover
[0.514s] DEBUG:colcon.colcon_installed_package_information.package_discovery:Found 4 installed packages in /home/tejasva/robotdog_ws_copy/install
[0.516s] DEBUG:colcon.colcon_installed_package_information.package_discovery:Found 444 installed packages in /opt/ros/humble
[0.518s] Level 1:colcon.colcon_core.package_discovery:discover_packages(prefix_path) using defaults
[0.601s] Level 5:colcon.colcon_core.verb:set package 'micro_ros_msgs' build argument 'cmake_args' from command line to 'None'
[0.601s] Level 5:colcon.colcon_core.verb:set package 'micro_ros_msgs' build argument 'cmake_target' from command line to 'None'
[0.601s] Level 5:colcon.colcon_core.verb:set package 'micro_ros_msgs' build argument 'cmake_target_skip_unavailable' from command line to 'False'
[0.601s] Level 5:colcon.colcon_core.verb:set package 'micro_ros_msgs' build argument 'cmake_clean_cache' from command line to 'False'
[0.601s] Level 5:colcon.colcon_core.verb:set package 'micro_ros_msgs' build argument 'cmake_clean_first' from command line to 'False'
[0.601s] Level 5:colcon.colcon_core.verb:set package 'micro_ros_msgs' build argument 'cmake_force_configure' from command line to 'False'
[0.601s] Level 5:colcon.colcon_core.verb:set package 'micro_ros_msgs' build argument 'ament_cmake_args' from command line to 'None'
[0.601s] Level 5:colcon.colcon_core.verb:set package 'micro_ros_msgs' build argument 'catkin_cmake_args' from command line to 'None'
[0.601s] Level 5:colcon.colcon_core.verb:set package 'micro_ros_msgs' build argument 'catkin_skip_building_tests' from command line to 'False'
[0.601s] DEBUG:colcon.colcon_core.verb:Building package 'micro_ros_msgs' with the following arguments: {'ament_cmake_args': None, 'build_base': '/home/tejasva/robotdog_ws_copy/build/micro_ros_msgs', 'catkin_cmake_args': None, 'catkin_skip_building_tests': False, 'cmake_args': None, 'cmake_clean_cache': False, 'cmake_clean_first': False, 'cmake_force_configure': False, 'cmake_target': None, 'cmake_target_skip_unavailable': False, 'install_base': '/home/tejasva/robotdog_ws_copy/install/micro_ros_msgs', 'merge_install': False, 'path': '/home/tejasva/robotdog_ws_copy/src/microros_ws/uros/micro_ros_msgs', 'symlink_install': True, 'test_result_base': None}
[0.601s] Level 5:colcon.colcon_core.verb:set package 'micro_ros_setup' build argument 'cmake_args' from command line to 'None'
[0.601s] Level 5:colcon.colcon_core.verb:set package 'micro_ros_setup' build argument 'cmake_target' from command line to 'None'
[0.601s] Level 5:colcon.colcon_core.verb:set package 'micro_ros_setup' build argument 'cmake_target_skip_unavailable' from command line to 'False'
[0.601s] Level 5:colcon.colcon_core.verb:set package 'micro_ros_setup' build argument 'cmake_clean_cache' from command line to 'False'
[0.601s] Level 5:colcon.colcon_core.verb:set package 'micro_ros_setup' build argument 'cmake_clean_first' from command line to 'False'
[0.601s] Level 5:colcon.colcon_core.verb:set package 'micro_ros_setup' build argument 'cmake_force_configure' from command line to 'False'
[0.601s] Level 5:colcon.colcon_core.verb:set package 'micro_ros_setup' build argument 'ament_cmake_args' from command line to 'None'
[0.601s] Level 5:colcon.colcon_core.verb:set package 'micro_ros_setup' build argument 'catkin_cmake_args' from command line to 'None'
[0.601s] Level 5:colcon.colcon_core.verb:set package 'micro_ros_setup' build argument 'catkin_skip_building_tests' from command line to 'False'
[0.602s] DEBUG:colcon.colcon_core.verb:Building package 'micro_ros_setup' with the following arguments: {'ament_cmake_args': None, 'build_base': '/home/tejasva/robotdog_ws_copy/build/micro_ros_setup', 'catkin_cmake_args': None, 'catkin_skip_building_tests': False, 'cmake_args': None, 'cmake_clean_cache': False, 'cmake_clean_first': False, 'cmake_force_configure': False, 'cmake_target': None, 'cmake_target_skip_unavailable': False, 'install_base': '/home/tejasva/robotdog_ws_copy/install/micro_ros_setup', 'merge_install': False, 'path': '/home/tejasva/robotdog_ws_copy/src/microros_ws/micro_ros_setup', 'symlink_install': True, 'test_result_base': None}
[0.602s] Level 5:colcon.colcon_core.verb:set package 'robotdog_control' build argument 'cmake_args' from command line to 'None'
[0.602s] Level 5:colcon.colcon_core.verb:set package 'robotdog_control' build argument 'cmake_target' from command line to 'None'
[0.602s] Level 5:colcon.colcon_core.verb:set package 'robotdog_control' build argument 'cmake_target_skip_unavailable' from command line to 'False'
[0.602s] Level 5:colcon.colcon_core.verb:set package 'robotdog_control' build argument 'cmake_clean_cache' from command line to 'False'
[0.602s] Level 5:colcon.colcon_core.verb:set package 'robotdog_control' build argument 'cmake_clean_first' from command line to 'False'
[0.602s] Level 5:colcon.colcon_core.verb:set package 'robotdog_control' build argument 'cmake_force_configure' from command line to 'False'
[0.602s] Level 5:colcon.colcon_core.verb:set package 'robotdog_control' build argument 'ament_cmake_args' from command line to 'None'
[0.602s] Level 5:colcon.colcon_core.verb:set package 'robotdog_control' build argument 'catkin_cmake_args' from command line to 'None'
[0.602s] Level 5:colcon.colcon_core.verb:set package 'robotdog_control' build argument 'catkin_skip_building_tests' from command line to 'False'
[0.602s] DEBUG:colcon.colcon_core.verb:Building package 'robotdog_control' with the following arguments: {'ament_cmake_args': None, 'build_base': '/home/tejasva/robotdog_ws_copy/build/robotdog_control', 'catkin_cmake_args': None, 'catkin_skip_building_tests': False, 'cmake_args': None, 'cmake_clean_cache': False, 'cmake_clean_first': False, 'cmake_force_configure': False, 'cmake_target': None, 'cmake_target_skip_unavailable': False, 'install_base': '/home/tejasva/robotdog_ws_copy/install/robotdog_control', 'merge_install': False, 'path': '/home/tejasva/robotdog_ws_copy/src/robotdog_control', 'symlink_install': True, 'test_result_base': None}
[0.602s] Level 5:colcon.colcon_core.verb:set package 'robotdog_description' build argument 'cmake_args' from command line to 'None'
[0.602s] Level 5:colcon.colcon_core.verb:set package 'robotdog_description' build argument 'cmake_target' from command line to 'None'
[0.602s] Level 5:colcon.colcon_core.verb:set package 'robotdog_description' build argument 'cmake_target_skip_unavailable' from command line to 'False'
[0.602s] Level 5:colcon.colcon_core.verb:set package 'robotdog_description' build argument 'cmake_clean_cache' from command line to 'False'
[0.603s] Level 5:colcon.colcon_core.verb:set package 'robotdog_description' build argument 'cmake_clean_first' from command line to 'False'
[0.603s] Level 5:colcon.colcon_core.verb:set package 'robotdog_description' build argument 'cmake_force_configure' from command line to 'False'
[0.603s] Level 5:colcon.colcon_core.verb:set package 'robotdog_description' build argument 'ament_cmake_args' from command line to 'None'
[0.603s] Level 5:colcon.colcon_core.verb:set package 'robotdog_description' build argument 'catkin_cmake_args' from command line to 'None'
[0.603s] Level 5:colcon.colcon_core.verb:set package 'robotdog_description' build argument 'catkin_skip_building_tests' from command line to 'False'
[0.603s] DEBUG:colcon.colcon_core.verb:Building package 'robotdog_description' with the following arguments: {'ament_cmake_args': None, 'build_base': '/home/tejasva/robotdog_ws_copy/build/robotdog_description', 'catkin_cmake_args': None, 'catkin_skip_building_tests': False, 'cmake_args': None, 'cmake_clean_cache': False, 'cmake_clean_first': False, 'cmake_force_configure': False, 'cmake_target': None, 'cmake_target_skip_unavailable': False, 'install_base': '/home/tejasva/robotdog_ws_copy/install/robotdog_description', 'merge_install': False, 'path': '/home/tejasva/robotdog_ws_copy/src/robotdog_description', 'symlink_install': True, 'test_result_base': None}
[0.603s] Level 5:colcon.colcon_core.verb:set package 'robotdog_msgs' build argument 'cmake_args' from command line to 'None'
[0.603s] Level 5:colcon.colcon_core.verb:set package 'robotdog_msgs' build argument 'cmake_target' from command line to 'None'
[0.603s] Level 5:colcon.colcon_core.verb:set package 'robotdog_msgs' build argument 'cmake_target_skip_unavailable' from command line to 'False'
[0.603s] Level 5:colcon.colcon_core.verb:set package 'robotdog_msgs' build argument 'cmake_clean_cache' from command line to 'False'
[0.603s] Level 5:colcon.colcon_core.verb:set package 'robotdog_msgs' build argument 'cmake_clean_first' from command line to 'False'
[0.603s] Level 5:colcon.colcon_core.verb:set package 'robotdog_msgs' build argument 'cmake_force_configure' from command line to 'False'
[0.603s] Level 5:colcon.colcon_core.verb:set package 'robotdog_msgs' build argument 'ament_cmake_args' from command line to 'None'
[0.603s] Level 5:colcon.colcon_core.verb:set package 'robotdog_msgs' build argument 'catkin_cmake_args' from command line to 'None'
[0.603s] Level 5:colcon.colcon_core.verb:set package 'robotdog_msgs' build argument 'catkin_skip_building_tests' from command line to 'False'
[0.603s] DEBUG:colcon.colcon_core.verb:Building package 'robotdog_msgs' with the following arguments: {'ament_cmake_args': None, 'build_base': '/home/tejasva/robotdog_ws_copy/build/robotdog_msgs', 'catkin_cmake_args': None, 'catkin_skip_building_tests': False, 'cmake_args': None, 'cmake_clean_cache': False, 'cmake_clean_first': False, 'cmake_force_configure': False, 'cmake_target': None, 'cmake_target_skip_unavailable': False, 'install_base': '/home/tejasva/robotdog_ws_copy/install/robotdog_msgs', 'merge_install': False, 'path': '/home/tejasva/robotdog_ws_copy/src/robotdog_msgs', 'symlink_install': True, 'test_result_base': None}
[0.604s] Level 5:colcon.colcon_core.verb:set package 'robotdog_teleop' build argument 'cmake_args' from command line to 'None'
[0.604s] Level 5:colcon.colcon_core.verb:set package 'robotdog_teleop' build argument 'cmake_target' from command line to 'None'
[0.604s] Level 5:colcon.colcon_core.verb:set package 'robotdog_teleop' build argument 'cmake_target_skip_unavailable' from command line to 'False'
[0.604s] Level 5:colcon.colcon_core.verb:set package 'robotdog_teleop' build argument 'cmake_clean_cache' from command line to 'False'
[0.604s] Level 5:colcon.colcon_core.verb:set package 'robotdog_teleop' build argument 'cmake_clean_first' from command line to 'False'
[0.604s] Level 5:colcon.colcon_core.verb:set package 'robotdog_teleop' build argument 'cmake_force_configure' from command line to 'False'
[0.604s] Level 5:colcon.colcon_core.verb:set package 'robotdog_teleop' build argument 'ament_cmake_args' from command line to 'None'
[0.604s] Level 5:colcon.colcon_core.verb:set package 'robotdog_teleop' build argument 'catkin_cmake_args' from command line to 'None'
[0.604s] Level 5:colcon.colcon_core.verb:set package 'robotdog_teleop' build argument 'catkin_skip_building_tests' from command line to 'False'
[0.604s] DEBUG:colcon.colcon_core.verb:Building package 'robotdog_teleop' with the following arguments: {'ament_cmake_args': None, 'build_base': '/home/tejasva/robotdog_ws_copy/build/robotdog_teleop', 'catkin_cmake_args': None, 'catkin_skip_building_tests': False, 'cmake_args': None, 'cmake_clean_cache': False, 'cmake_clean_first': False, 'cmake_force_configure': False, 'cmake_target': None, 'cmake_target_skip_unavailable': False, 'install_base': '/home/tejasva/robotdog_ws_copy/install/robotdog_teleop', 'merge_install': False, 'path': '/home/tejasva/robotdog_ws_copy/src/robotdog_teleop', 'symlink_install': True, 'test_result_base': None}
[0.604s] Level 5:colcon.colcon_core.verb:set package 'micro_ros_agent' build argument 'cmake_args' from command line to 'None'
[0.604s] Level 5:colcon.colcon_core.verb:set package 'micro_ros_agent' build argument 'cmake_target' from command line to 'None'
[0.604s] Level 5:colcon.colcon_core.verb:set package 'micro_ros_agent' build argument 'cmake_target_skip_unavailable' from command line to 'False'
[0.604s] Level 5:colcon.colcon_core.verb:set package 'micro_ros_agent' build argument 'cmake_clean_cache' from command line to 'False'
[0.604s] Level 5:colcon.colcon_core.verb:set package 'micro_ros_agent' build argument 'cmake_clean_first' from command line to 'False'
[0.604s] Level 5:colcon.colcon_core.verb:set package 'micro_ros_agent' build argument 'cmake_force_configure' from command line to 'False'
[0.604s] Level 5:colcon.colcon_core.verb:set package 'micro_ros_agent' build argument 'ament_cmake_args' from command line to 'None'
[0.604s] Level 5:colcon.colcon_core.verb:set package 'micro_ros_agent' build argument 'catkin_cmake_args' from command line to 'None'
[0.604s] Level 5:colcon.colcon_core.verb:set package 'micro_ros_agent' build argument 'catkin_skip_building_tests' from command line to 'False'
[0.604s] DEBUG:colcon.colcon_core.verb:Building package 'micro_ros_agent' with the following arguments: {'ament_cmake_args': None, 'build_base': '/home/tejasva/robotdog_ws_copy/build/micro_ros_agent', 'catkin_cmake_args': None, 'catkin_skip_building_tests': False, 'cmake_args': None, 'cmake_clean_cache': False, 'cmake_clean_first': False, 'cmake_force_configure': False, 'cmake_target': None, 'cmake_target_skip_unavailable': False, 'install_base': '/home/tejasva/robotdog_ws_copy/install/micro_ros_agent', 'merge_install': False, 'path': '/home/tejasva/robotdog_ws_copy/src/microros_ws/uros/micro-ROS-Agent/micro_ros_agent', 'symlink_install': True, 'test_result_base': None}
[0.604s] INFO:colcon.colcon_core.executor:Executing jobs using 'parallel' executor
[0.606s] DEBUG:colcon.colcon_parallel_executor.executor.parallel:run_until_complete
[0.606s] INFO:colcon.colcon_ros.task.ament_cmake.build:Building ROS package in '/home/tejasva/robotdog_ws_copy/src/microros_ws/uros/micro_ros_msgs' with build type 'ament_cmake'
[0.606s] INFO:colcon.colcon_cmake.task.cmake.build:Building CMake package in '/home/tejasva/robotdog_ws_copy/src/microros_ws/uros/micro_ros_msgs'
[0.610s] INFO:colcon.colcon_core.plugin_system:Skipping extension 'colcon_core.shell.bat': Not used on non-Windows systems
[0.610s] INFO:colcon.colcon_core.shell:Skip shell extension 'powershell' for command environment: Not usable outside of PowerShell
[0.610s] DEBUG:colcon.colcon_core.shell:Skip shell extension 'dsv' for command environment
[0.614s] INFO:colcon.colcon_ros.task.ament_cmake.build:Building ROS package in '/home/tejasva/robotdog_ws_copy/src/microros_ws/micro_ros_setup' with build type 'ament_cmake'
[0.614s] INFO:colcon.colcon_cmake.task.cmake.build:Building CMake package in '/home/tejasva/robotdog_ws_copy/src/microros_ws/micro_ros_setup'
[0.615s] INFO:colcon.colcon_core.shell:Skip shell extension 'powershell' for command environment: Not usable outside of PowerShell
[0.615s] DEBUG:colcon.colcon_core.shell:Skip shell extension 'dsv' for command environment
[0.618s] INFO:colcon.colcon_ros.task.ament_python.build:Building ROS package in '/home/tejasva/robotdog_ws_copy/src/robotdog_control' with build type 'ament_python'
[0.618s] Level 1:colcon.colcon_core.shell:create_environment_hook('robotdog_control', 'ament_prefix_path')
[0.619s] INFO:colcon.colcon_core.shell:Creating environment hook '/home/tejasva/robotdog_ws_copy/install/robotdog_control/share/robotdog_control/hook/ament_prefix_path.ps1'
[0.620s] INFO:colcon.colcon_core.shell:Creating environment descriptor '/home/tejasva/robotdog_ws_copy/install/robotdog_control/share/robotdog_control/hook/ament_prefix_path.dsv'
[0.620s] INFO:colcon.colcon_core.shell:Creating environment hook '/home/tejasva/robotdog_ws_copy/install/robotdog_control/share/robotdog_control/hook/ament_prefix_path.sh'
[0.621s] INFO:colcon.colcon_core.shell:Skip shell extension 'powershell' for command environment: Not usable outside of PowerShell
[0.621s] DEBUG:colcon.colcon_core.shell:Skip shell extension 'dsv' for command environment
[0.625s] INFO:colcon.colcon_ros.task.ament_cmake.build:Building ROS package in '/home/tejasva/robotdog_ws_copy/src/robotdog_description' with build type 'ament_cmake'
[0.625s] INFO:colcon.colcon_cmake.task.cmake.build:Building CMake package in '/home/tejasva/robotdog_ws_copy/src/robotdog_description'
[0.625s] INFO:colcon.colcon_core.shell:Skip shell extension 'powershell' for command environment: Not usable outside of PowerShell
[0.625s] DEBUG:colcon.colcon_core.shell:Skip shell extension 'dsv' for command environment
[0.629s] INFO:colcon.colcon_ros.task.ament_cmake.build:Building ROS package in '/home/tejasva/robotdog_ws_copy/src/robotdog_msgs' with build type 'ament_cmake'
[0.629s] INFO:colcon.colcon_cmake.task.cmake.build:Building CMake package in '/home/tejasva/robotdog_ws_copy/src/robotdog_msgs'
[0.629s] INFO:colcon.colcon_core.shell:Skip shell extension 'powershell' for command environment: Not usable outside of PowerShell
[0.629s] DEBUG:colcon.colcon_core.shell:Skip shell extension 'dsv' for command environment
[0.633s] INFO:colcon.colcon_ros.task.ament_cmake.build:Building ROS package in '/home/tejasva/robotdog_ws_copy/src/robotdog_teleop' with build type 'ament_cmake'
[0.633s] INFO:colcon.colcon_cmake.task.cmake.build:Building CMake package in '/home/tejasva/robotdog_ws_copy/src/robotdog_teleop'
[0.633s] INFO:colcon.colcon_core.shell:Skip shell extension 'powershell' for command environment: Not usable outside of PowerShell
[0.633s] DEBUG:colcon.colcon_core.shell:Skip shell extension 'dsv' for command environment
[0.641s] DEBUG:colcon.colcon_core.event_handler.log_command:Invoking command in '/home/tejasva/robotdog_ws_copy/build/micro_ros_msgs': CMAKE_PREFIX_PATH=${CMAKE_PREFIX_PATH}:/home/tejasva/robotdog_ws_copy/install/robotdog_control:/opt/ros/humble /usr/bin/cmake /home/tejasva/robotdog_ws_copy/src/microros_ws/uros/micro_ros_msgs -DAMENT_CMAKE_SYMLINK_INSTALL=1 -DCMAKE_INSTALL_PREFIX=/home/tejasva/robotdog_ws_copy/install/micro_ros_msgs
[0.645s] DEBUG:colcon.colcon_core.event_handler.log_command:Invoking command in '/home/tejasva/robotdog_ws_copy/build/micro_ros_setup': CMAKE_PREFIX_PATH=${CMAKE_PREFIX_PATH}:/home/tejasva/robotdog_ws_copy/install/robotdog_control:/opt/ros/humble /usr/bin/cmake /home/tejasva/robotdog_ws_copy/src/microros_ws/micro_ros_setup -DAMENT_CMAKE_SYMLINK_INSTALL=1 -DCMAKE_INSTALL_PREFIX=/home/tejasva/robotdog_ws_copy/install/micro_ros_setup
[0.996s] INFO:colcon.colcon_core.task.python.build:Building Python package in '/home/tejasva/robotdog_ws_copy/src/robotdog_control'
[0.997s] INFO:colcon.colcon_core.shell:Skip shell extension 'powershell' for command environment: Not usable outside of PowerShell
[0.997s] DEBUG:colcon.colcon_core.shell:Skip shell extension 'dsv' for command environment
[1.005s] DEBUG:colcon.colcon_core.event_handler.log_command:Invoking command in '/home/tejasva/robotdog_ws_copy/build/robotdog_description': CMAKE_PREFIX_PATH=${CMAKE_PREFIX_PATH}:/home/tejasva/robotdog_ws_copy/install/robotdog_control:/opt/ros/humble /usr/bin/cmake --build /home/tejasva/robotdog_ws_copy/build/robotdog_description -- -j16 -l16
[1.009s] DEBUG:colcon.colcon_core.event_handler.log_command:Invoking command in '/home/tejasva/robotdog_ws_copy/build/robotdog_msgs': CMAKE_PREFIX_PATH=${CMAKE_PREFIX_PATH}:/home/tejasva/robotdog_ws_copy/install/robotdog_control:/opt/ros/humble /usr/bin/cmake --build /home/tejasva/robotdog_ws_copy/build/robotdog_msgs -- -j16 -l16
[1.018s] DEBUG:colcon.colcon_core.event_handler.log_command:Invoking command in '/home/tejasva/robotdog_ws_copy/build/robotdog_teleop': CMAKE_PREFIX_PATH=${CMAKE_PREFIX_PATH}:/home/tejasva/robotdog_ws_copy/install/robotdog_control:/opt/ros/humble /usr/bin/cmake --build /home/tejasva/robotdog_ws_copy/build/robotdog_teleop -- -j16 -l16
[1.060s] DEBUG:colcon.colcon_core.event_handler.log_command:Invoked command in '/home/tejasva/robotdog_ws_copy/build/robotdog_description' returned '0': CMAKE_PREFIX_PATH=${CMAKE_PREFIX_PATH}:/home/tejasva/robotdog_ws_copy/install/robotdog_control:/opt/ros/humble /usr/bin/cmake --build /home/tejasva/robotdog_ws_copy/build/robotdog_description -- -j16 -l16
[1.077s] DEBUG:colcon.colcon_core.event_handler.log_command:Invoking command in '/home/tejasva/robotdog_ws_copy/build/robotdog_description': CMAKE_PREFIX_PATH=${CMAKE_PREFIX_PATH}:/home/tejasva/robotdog_ws_copy/install/robotdog_control:/opt/ros/humble /usr/bin/cmake --install /home/tejasva/robotdog_ws_copy/build/robotdog_description
[1.126s] Level 1:colcon.colcon_core.environment:create_environment_scripts_only(robotdog_description)
[1.127s] DEBUG:colcon.colcon_core.event_handler.log_command:Invoked command in '/home/tejasva/robotdog_ws_copy/build/robotdog_description' returned '0': CMAKE_PREFIX_PATH=${CMAKE_PREFIX_PATH}:/home/tejasva/robotdog_ws_copy/install/robotdog_control:/opt/ros/humble /usr/bin/cmake --install /home/tejasva/robotdog_ws_copy/build/robotdog_description
[1.132s] Level 1:colcon.colcon_core.environment:checking '/home/tejasva/robotdog_ws_copy/install/robotdog_description' for CMake module files
[1.133s] Level 1:colcon.colcon_core.environment:checking '/home/tejasva/robotdog_ws_copy/install/robotdog_description' for CMake config files
[1.133s] Level 1:colcon.colcon_core.shell:create_environment_hook('robotdog_description', 'cmake_prefix_path')
[1.134s] INFO:colcon.colcon_core.shell:Creating environment hook '/home/tejasva/robotdog_ws_copy/install/robotdog_description/share/robotdog_description/hook/cmake_prefix_path.ps1'
[1.135s] INFO:colcon.colcon_core.shell:Creating environment descriptor '/home/tejasva/robotdog_ws_copy/install/robotdog_description/share/robotdog_description/hook/cmake_prefix_path.dsv'
[1.135s] INFO:colcon.colcon_core.shell:Creating environment hook '/home/tejasva/robotdog_ws_copy/install/robotdog_description/share/robotdog_description/hook/cmake_prefix_path.sh'
[1.136s] Level 1:colcon.colcon_core.environment:checking '/home/tejasva/robotdog_ws_copy/install/robotdog_description/bin'
[1.136s] Level 1:colcon.colcon_core.environment:checking '/home/tejasva/robotdog_ws_copy/install/robotdog_description/lib/pkgconfig/robotdog_description.pc'
[1.137s] Level 1:colcon.colcon_core.environment:checking '/home/tejasva/robotdog_ws_copy/install/robotdog_description/lib/python3.10/site-packages'
[1.137s] Level 1:colcon.colcon_core.environment:checking '/home/tejasva/robotdog_ws_copy/install/robotdog_description/bin'
[1.138s] INFO:colcon.colcon_core.shell:Creating package script '/home/tejasva/robotdog_ws_copy/install/robotdog_description/share/robotdog_description/package.ps1'
[1.139s] INFO:colcon.colcon_core.shell:Creating package descriptor '/home/tejasva/robotdog_ws_copy/install/robotdog_description/share/robotdog_description/package.dsv'
[1.140s] INFO:colcon.colcon_core.shell:Creating package script '/home/tejasva/robotdog_ws_copy/install/robotdog_description/share/robotdog_description/package.sh'
[1.142s] INFO:colcon.colcon_core.shell:Creating package script '/home/tejasva/robotdog_ws_copy/install/robotdog_description/share/robotdog_description/package.bash'
[1.143s] INFO:colcon.colcon_core.shell:Creating package script '/home/tejasva/robotdog_ws_copy/install/robotdog_description/share/robotdog_description/package.zsh'
[1.144s] Level 1:colcon.colcon_core.environment:create_file_with_runtime_dependencies(/home/tejasva/robotdog_ws_copy/install/robotdog_description/share/colcon-core/packages/robotdog_description)
[1.145s] Level 1:colcon.colcon_core.environment:create_environment_scripts_only(robotdog_description)
[1.146s] Level 1:colcon.colcon_core.environment:checking '/home/tejasva/robotdog_ws_copy/install/robotdog_description' for CMake module files
[1.146s] Level 1:colcon.colcon_core.environment:checking '/home/tejasva/robotdog_ws_copy/install/robotdog_description' for CMake config files
[1.147s] Level 1:colcon.colcon_core.shell:create_environment_hook('robotdog_description', 'cmake_prefix_path')
[1.147s] INFO:colcon.colcon_core.shell:Creating environment hook '/home/tejasva/robotdog_ws_copy/install/robotdog_description/share/robotdog_description/hook/cmake_prefix_path.ps1'
[1.147s] INFO:colcon.colcon_core.shell:Creating environment descriptor '/home/tejasva/robotdog_ws_copy/install/robotdog_description/share/robotdog_description/hook/cmake_prefix_path.dsv'
[1.148s] INFO:colcon.colcon_core.shell:Creating environment hook '/home/tejasva/robotdog_ws_copy/install/robotdog_description/share/robotdog_description/hook/cmake_prefix_path.sh'
[1.149s] Level 1:colcon.colcon_core.environment:checking '/home/tejasva/robotdog_ws_copy/install/robotdog_description/bin'
[1.149s] Level 1:colcon.colcon_core.environment:checking '/home/tejasva/robotdog_ws_copy/install/robotdog_description/lib/pkgconfig/robotdog_description.pc'
[1.149s] Level 1:colcon.colcon_core.environment:checking '/home/tejasva/robotdog_ws_copy/install/robotdog_description/lib/python3.10/site-packages'
[1.150s] Level 1:colcon.colcon_core.environment:checking '/home/tejasva/robotdog_ws_copy/install/robotdog_description/bin'
[1.150s] INFO:colcon.colcon_core.shell:Creating package script '/home/tejasva/robotdog_ws_copy/install/robotdog_description/share/robotdog_description/package.ps1'
[1.151s] INFO:colcon.colcon_core.shell:Creating package descriptor '/home/tejasva/robotdog_ws_copy/install/robotdog_description/share/robotdog_description/package.dsv'
[1.151s] INFO:colcon.colcon_core.shell:Creating package script '/home/tejasva/robotdog_ws_copy/install/robotdog_description/share/robotdog_description/package.sh'
[1.152s] INFO:colcon.colcon_core.shell:Creating package script '/home/tejasva/robotdog_ws_copy/install/robotdog_description/share/robotdog_description/package.bash'
[1.152s] INFO:colcon.colcon_core.shell:Creating package script '/home/tejasva/robotdog_ws_copy/install/robotdog_description/share/robotdog_description/package.zsh'
[1.153s] Level 1:colcon.colcon_core.environment:create_file_with_runtime_dependencies(/home/tejasva/robotdog_ws_copy/install/robotdog_description/share/colcon-core/packages/robotdog_description)
[1.156s] DEBUG:colcon.colcon_core.event_handler.log_command:Invoked command in '/home/tejasva/robotdog_ws_copy/build/robotdog_teleop' returned '0': CMAKE_PREFIX_PATH=${CMAKE_PREFIX_PATH}:/home/tejasva/robotdog_ws_copy/install/robotdog_control:/opt/ros/humble /usr/bin/cmake --build /home/tejasva/robotdog_ws_copy/build/robotdog_teleop -- -j16 -l16
[1.159s] DEBUG:colcon.colcon_core.event_handler.log_command:Invoking command in '/home/tejasva/robotdog_ws_copy/build/robotdog_teleop': CMAKE_PREFIX_PATH=${CMAKE_PREFIX_PATH}:/home/tejasva/robotdog_ws_copy/install/robotdog_control:/opt/ros/humble /usr/bin/cmake --install /home/tejasva/robotdog_ws_copy/build/robotdog_teleop
[1.194s] Level 1:colcon.colcon_core.environment:create_environment_scripts_only(robotdog_teleop)
[1.195s] Level 1:colcon.colcon_core.environment:checking '/home/tejasva/robotdog_ws_copy/install/robotdog_teleop' for CMake module files
[1.196s] DEBUG:colcon.colcon_core.event_handler.log_command:Invoked command in '/home/tejasva/robotdog_ws_copy/build/robotdog_teleop' returned '0': CMAKE_PREFIX_PATH=${CMAKE_PREFIX_PATH}:/home/tejasva/robotdog_ws_copy/install/robotdog_control:/opt/ros/humble /usr/bin/cmake --install /home/tejasva/robotdog_ws_copy/build/robotdog_teleop
[1.196s] Level 1:colcon.colcon_core.environment:checking '/home/tejasva/robotdog_ws_copy/install/robotdog_teleop' for CMake config files
[1.197s] Level 1:colcon.colcon_core.shell:create_environment_hook('robotdog_teleop', 'cmake_prefix_path')
[1.197s] INFO:colcon.colcon_core.shell:Creating environment hook '/home/tejasva/robotdog_ws_copy/install/robotdog_teleop/share/robotdog_teleop/hook/cmake_prefix_path.ps1'
[1.198s] INFO:colcon.colcon_core.shell:Creating environment descriptor '/home/tejasva/robotdog_ws_copy/install/robotdog_teleop/share/robotdog_teleop/hook/cmake_prefix_path.dsv'
[1.198s] INFO:colcon.colcon_core.shell:Creating environment hook '/home/tejasva/robotdog_ws_copy/install/robotdog_teleop/share/robotdog_teleop/hook/cmake_prefix_path.sh'
[1.199s] Level 1:colcon.colcon_core.environment:checking '/home/tejasva/robotdog_ws_copy/install/robotdog_teleop/lib'
[1.200s] Level 1:colcon.colcon_core.environment:checking '/home/tejasva/robotdog_ws_copy/install/robotdog_teleop/bin'
[1.200s] Level 1:colcon.colcon_core.environment:checking '/home/tejasva/robotdog_ws_copy/install/robotdog_teleop/lib/pkgconfig/robotdog_teleop.pc'
[1.200s] Level 1:colcon.colcon_core.environment:checking '/home/tejasva/robotdog_ws_copy/install/robotdog_teleop/lib/python3.10/site-packages'
[1.200s] Level 1:colcon.colcon_core.environment:checking '/home/tejasva/robotdog_ws_copy/install/robotdog_teleop/bin'
[1.201s] INFO:colcon.colcon_core.shell:Creating package script '/home/tejasva/robotdog_ws_copy/install/robotdog_teleop/share/robotdog_teleop/package.ps1'
[1.201s] INFO:colcon.colcon_core.shell:Creating package descriptor '/home/tejasva/robotdog_ws_copy/install/robotdog_teleop/share/robotdog_teleop/package.dsv'
[1.202s] INFO:colcon.colcon_core.shell:Creating package script '/home/tejasva/robotdog_ws_copy/install/robotdog_teleop/share/robotdog_teleop/package.sh'
[1.202s] INFO:colcon.colcon_core.shell:Creating package script '/home/tejasva/robotdog_ws_copy/install/robotdog_teleop/share/robotdog_teleop/package.bash'
[1.203s] INFO:colcon.colcon_core.shell:Creating package script '/home/tejasva/robotdog_ws_copy/install/robotdog_teleop/share/robotdog_teleop/package.zsh'
[1.203s] Level 1:colcon.colcon_core.environment:create_file_with_runtime_dependencies(/home/tejasva/robotdog_ws_copy/install/robotdog_teleop/share/colcon-core/packages/robotdog_teleop)
[1.204s] Level 1:colcon.colcon_core.environment:create_environment_scripts_only(robotdog_teleop)
[1.204s] Level 1:colcon.colcon_core.environment:checking '/home/tejasva/robotdog_ws_copy/install/robotdog_teleop' for CMake module files
[1.205s] Level 1:colcon.colcon_core.environment:checking '/home/tejasva/robotdog_ws_copy/install/robotdog_teleop' for CMake config files
[1.205s] Level 1:colcon.colcon_core.shell:create_environment_hook('robotdog_teleop', 'cmake_prefix_path')
[1.206s] INFO:colcon.colcon_core.shell:Creating environment hook '/home/tejasva/robotdog_ws_copy/install/robotdog_teleop/share/robotdog_teleop/hook/cmake_prefix_path.ps1'
[1.206s] INFO:colcon.colcon_core.shell:Creating environment descriptor '/home/tejasva/robotdog_ws_copy/install/robotdog_teleop/share/robotdog_teleop/hook/cmake_prefix_path.dsv'
[1.206s] INFO:colcon.colcon_core.shell:Creating environment hook '/home/tejasva/robotdog_ws_copy/install/robotdog_teleop/share/robotdog_teleop/hook/cmake_prefix_path.sh'
[1.207s] Level 1:colcon.colcon_core.environment:checking '/home/tejasva/robotdog_ws_copy/install/robotdog_teleop/lib'
[1.207s] Level 1:colcon.colcon_core.environment:checking '/home/tejasva/robotdog_ws_copy/install/robotdog_teleop/bin'
[1.207s] Level 1:colcon.colcon_core.environment:checking '/home/tejasva/robotdog_ws_copy/install/robotdog_teleop/lib/pkgconfig/robotdog_teleop.pc'
[1.208s] Level 1:colcon.colcon_core.environment:checking '/home/tejasva/robotdog_ws_copy/install/robotdog_teleop/lib/python3.10/site-packages'
[1.208s] Level 1:colcon.colcon_core.environment:checking '/home/tejasva/robotdog_ws_copy/install/robotdog_teleop/bin'
[1.208s] INFO:colcon.colcon_core.shell:Creating package script '/home/tejasva/robotdog_ws_copy/install/robotdog_teleop/share/robotdog_teleop/package.ps1'
[1.209s] INFO:colcon.colcon_core.shell:Creating package descriptor '/home/tejasva/robotdog_ws_copy/install/robotdog_teleop/share/robotdog_teleop/package.dsv'
[1.210s] INFO:colcon.colcon_core.shell:Creating package script '/home/tejasva/robotdog_ws_copy/install/robotdog_teleop/share/robotdog_teleop/package.sh'
[1.211s] INFO:colcon.colcon_core.shell:Creating package script '/home/tejasva/robotdog_ws_copy/install/robotdog_teleop/share/robotdog_teleop/package.bash'
[1.211s] INFO:colcon.colcon_core.shell:Creating package script '/home/tejasva/robotdog_ws_copy/install/robotdog_teleop/share/robotdog_teleop/package.zsh'
[1.212s] Level 1:colcon.colcon_core.environment:create_file_with_runtime_dependencies(/home/tejasva/robotdog_ws_copy/install/robotdog_teleop/share/colcon-core/packages/robotdog_teleop)
[1.561s] DEBUG:colcon.colcon_core.event_handler.log_command:Invoked command in '/home/tejasva/robotdog_ws_copy/build/robotdog_msgs' returned '0': CMAKE_PREFIX_PATH=${CMAKE_PREFIX_PATH}:/home/tejasva/robotdog_ws_copy/install/robotdog_control:/opt/ros/humble /usr/bin/cmake --build /home/tejasva/robotdog_ws_copy/build/robotdog_msgs -- -j16 -l16
[1.563s] DEBUG:colcon.colcon_core.event_handler.log_command:Invoking command in '/home/tejasva/robotdog_ws_copy/build/robotdog_msgs': CMAKE_PREFIX_PATH=${CMAKE_PREFIX_PATH}:/home/tejasva/robotdog_ws_copy/install/robotdog_control:/opt/ros/humble /usr/bin/cmake --install /home/tejasva/robotdog_ws_copy/build/robotdog_msgs
[1.618s] DEBUG:colcon.colcon_core.event_handler.log_command:Invoked command in '/home/tejasva/robotdog_ws_copy/build/micro_ros_setup' returned '0': CMAKE_PREFIX_PATH=${CMAKE_PREFIX_PATH}:/home/tejasva/robotdog_ws_copy/install/robotdog_control:/opt/ros/humble /usr/bin/cmake /home/tejasva/robotdog_ws_copy/src/microros_ws/micro_ros_setup -DAMENT_CMAKE_SYMLINK_INSTALL=1 -DCMAKE_INSTALL_PREFIX=/home/tejasva/robotdog_ws_copy/install/micro_ros_setup
[1.620s] DEBUG:colcon.colcon_core.event_handler.log_command:Invoking command in '/home/tejasva/robotdog_ws_copy/build/micro_ros_setup': CMAKE_PREFIX_PATH=${CMAKE_PREFIX_PATH}:/home/tejasva/robotdog_ws_copy/install/robotdog_control:/opt/ros/humble /usr/bin/cmake --build /home/tejasva/robotdog_ws_copy/build/micro_ros_setup -- -j16 -l16
[1.654s] Level 1:colcon.colcon_core.environment:create_environment_scripts_only(robotdog_msgs)
[1.655s] Level 1:colcon.colcon_core.environment:checking '/home/tejasva/robotdog_ws_copy/install/robotdog_msgs' for CMake module files
[1.655s] DEBUG:colcon.colcon_core.event_handler.log_command:Invoked command in '/home/tejasva/robotdog_ws_copy/build/robotdog_msgs' returned '0': CMAKE_PREFIX_PATH=${CMAKE_PREFIX_PATH}:/home/tejasva/robotdog_ws_copy/install/robotdog_control:/opt/ros/humble /usr/bin/cmake --install /home/tejasva/robotdog_ws_copy/build/robotdog_msgs
[1.656s] Level 1:colcon.colcon_core.environment:checking '/home/tejasva/robotdog_ws_copy/install/robotdog_msgs' for CMake config files
[1.657s] Level 1:colcon.colcon_core.shell:create_environment_hook('robotdog_msgs', 'cmake_prefix_path')
[1.657s] INFO:colcon.colcon_core.shell:Creating environment hook '/home/tejasva/robotdog_ws_copy/install/robotdog_msgs/share/robotdog_msgs/hook/cmake_prefix_path.ps1'
[1.658s] INFO:colcon.colcon_core.shell:Creating environment descriptor '/home/tejasva/robotdog_ws_copy/install/robotdog_msgs/share/robotdog_msgs/hook/cmake_prefix_path.dsv'
[1.659s] INFO:colcon.colcon_core.shell:Creating environment hook '/home/tejasva/robotdog_ws_copy/install/robotdog_msgs/share/robotdog_msgs/hook/cmake_prefix_path.sh'
[1.659s] Level 1:colcon.colcon_core.environment:checking '/home/tejasva/robotdog_ws_copy/install/robotdog_msgs/lib'
[1.660s] Level 1:colcon.colcon_core.shell:create_environment_hook('robotdog_msgs', 'ld_library_path_lib')
[1.660s] INFO:colcon.colcon_core.shell:Creating environment hook '/home/tejasva/robotdog_ws_copy/install/robotdog_msgs/share/robotdog_msgs/hook/ld_library_path_lib.ps1'
[1.660s] INFO:colcon.colcon_core.shell:Creating environment descriptor '/home/tejasva/robotdog_ws_copy/install/robotdog_msgs/share/robotdog_msgs/hook/ld_library_path_lib.dsv'
[1.661s] INFO:colcon.colcon_core.shell:Creating environment hook '/home/tejasva/robotdog_ws_copy/install/robotdog_msgs/share/robotdog_msgs/hook/ld_library_path_lib.sh'
[1.662s] Level 1:colcon.colcon_core.environment:checking '/home/tejasva/robotdog_ws_copy/install/robotdog_msgs/bin'
[1.662s] Level 1:colcon.colcon_core.environment:checking '/home/tejasva/robotdog_ws_copy/install/robotdog_msgs/lib/pkgconfig/robotdog_msgs.pc'
[1.662s] Level 1:colcon.colcon_core.environment:checking '/home/tejasva/robotdog_ws_copy/install/robotdog_msgs/lib/python3.10/site-packages'
[1.662s] Level 1:colcon.colcon_core.environment:checking '/home/tejasva/robotdog_ws_copy/install/robotdog_msgs/bin'
[1.663s] INFO:colcon.colcon_core.shell:Creating package script '/home/tejasva/robotdog_ws_copy/install/robotdog_msgs/share/robotdog_msgs/package.ps1'
[1.664s] INFO:colcon.colcon_core.shell:Creating package descriptor '/home/tejasva/robotdog_ws_copy/install/robotdog_msgs/share/robotdog_msgs/package.dsv'
[1.664s] INFO:colcon.colcon_core.shell:Creating package script '/home/tejasva/robotdog_ws_copy/install/robotdog_msgs/share/robotdog_msgs/package.sh'
[1.665s] INFO:colcon.colcon_core.shell:Creating package script '/home/tejasva/robotdog_ws_copy/install/robotdog_msgs/share/robotdog_msgs/package.bash'
[1.666s] INFO:colcon.colcon_core.shell:Creating package script '/home/tejasva/robotdog_ws_copy/install/robotdog_msgs/share/robotdog_msgs/package.zsh'
[1.667s] Level 1:colcon.colcon_core.environment:create_file_with_runtime_dependencies(/home/tejasva/robotdog_ws_copy/install/robotdog_msgs/share/colcon-core/packages/robotdog_msgs)
[1.668s] Level 1:colcon.colcon_core.environment:create_environment_scripts_only(robotdog_msgs)
[1.668s] Level 1:colcon.colcon_core.environment:checking '/home/tejasva/robotdog_ws_copy/install/robotdog_msgs' for CMake module files
[1.670s] Level 1:colcon.colcon_core.environment:checking '/home/tejasva/robotdog_ws_copy/install/robotdog_msgs' for CMake config files
[1.671s] Level 1:colcon.colcon_core.shell:create_environment_hook('robotdog_msgs', 'cmake_prefix_path')
[1.671s] INFO:colcon.colcon_core.shell:Creating environment hook '/home/tejasva/robotdog_ws_copy/install/robotdog_msgs/share/robotdog_msgs/hook/cmake_prefix_path.ps1'
[1.672s] INFO:colcon.colcon_core.shell:Creating environment descriptor '/home/tejasva/robotdog_ws_copy/install/robotdog_msgs/share/robotdog_msgs/hook/cmake_prefix_path.dsv'
[1.672s] INFO:colcon.colcon_core.shell:Creating environment hook '/home/tejasva/robotdog_ws_copy/install/robotdog_msgs/share/robotdog_msgs/hook/cmake_prefix_path.sh'
[1.673s] Level 1:colcon.colcon_core.environment:checking '/home/tejasva/robotdog_ws_copy/install/robotdog_msgs/lib'
[1.673s] Level 1:colcon.colcon_core.shell:create_environment_hook('robotdog_msgs', 'ld_library_path_lib')
[1.673s] INFO:colcon.colcon_core.shell:Creating environment hook '/home/tejasva/robotdog_ws_copy/install/robotdog_msgs/share/robotdog_msgs/hook/ld_library_path_lib.ps1'
[1.674s] INFO:colcon.colcon_core.shell:Creating environment descriptor '/home/tejasva/robotdog_ws_copy/install/robotdog_msgs/share/robotdog_msgs/hook/ld_library_path_lib.dsv'
[1.674s] INFO:colcon.colcon_core.shell:Creating environment hook '/home/tejasva/robotdog_ws_copy/install/robotdog_msgs/share/robotdog_msgs/hook/ld_library_path_lib.sh'
[1.675s] Level 1:colcon.colcon_core.environment:checking '/home/tejasva/robotdog_ws_copy/install/robotdog_msgs/bin'
[1.675s] Level 1:colcon.colcon_core.environment:checking '/home/tejasva/robotdog_ws_copy/install/robotdog_msgs/lib/pkgconfig/robotdog_msgs.pc'
[1.675s] Level 1:colcon.colcon_core.environment:checking '/home/tejasva/robotdog_ws_copy/install/robotdog_msgs/lib/python3.10/site-packages'
[1.675s] Level 1:colcon.colcon_core.environment:checking '/home/tejasva/robotdog_ws_copy/install/robotdog_msgs/bin'
[1.676s] INFO:colcon.colcon_core.shell:Creating package script '/home/tejasva/robotdog_ws_copy/install/robotdog_msgs/share/robotdog_msgs/package.ps1'
[1.676s] INFO:colcon.colcon_core.shell:Creating package descriptor '/home/tejasva/robotdog_ws_copy/install/robotdog_msgs/share/robotdog_msgs/package.dsv'
[1.677s] INFO:colcon.colcon_core.shell:Creating package script '/home/tejasva/robotdog_ws_copy/install/robotdog_msgs/share/robotdog_msgs/package.sh'
[1.677s] INFO:colcon.colcon_core.shell:Creating package script '/home/tejasva/robotdog_ws_copy/install/robotdog_msgs/share/robotdog_msgs/package.bash'
[1.678s] INFO:colcon.colcon_core.shell:Creating package script '/home/tejasva/robotdog_ws_copy/install/robotdog_msgs/share/robotdog_msgs/package.zsh'
[1.678s] Level 1:colcon.colcon_core.environment:create_file_with_runtime_dependencies(/home/tejasva/robotdog_ws_copy/install/robotdog_msgs/share/colcon-core/packages/robotdog_msgs)
[1.684s] DEBUG:colcon.colcon_core.event_handler.log_command:Invoking command in '/home/tejasva/robotdog_ws_copy/build/robotdog_control': PYTHONPATH=/home/tejasva/robotdog_ws_copy/build/robotdog_control/prefix_override:/usr/lib/python3/dist-packages/colcon_core/task/python/colcon_distutils_commands:/home/tejasva/robotdog_ws_copy/install/robotdog_control/lib/python3.10/site-packages:${PYTHONPATH} /usr/bin/python3 -W ignore:setup.py install is deprecated -W ignore:easy_install command is deprecated setup.py develop --editable --build-directory /home/tejasva/robotdog_ws_copy/build/robotdog_control/build --no-deps symlink_data
[1.685s] DEBUG:colcon.colcon_core.event_handler.log_command:Invoked command in '/home/tejasva/robotdog_ws_copy/build/micro_ros_setup' returned '0': CMAKE_PREFIX_PATH=${CMAKE_PREFIX_PATH}:/home/tejasva/robotdog_ws_copy/install/robotdog_control:/opt/ros/humble /usr/bin/cmake --build /home/tejasva/robotdog_ws_copy/build/micro_ros_setup -- -j16 -l16
[1.685s] DEBUG:colcon.colcon_core.event_handler.log_command:Invoking command in '/home/tejasva/robotdog_ws_copy/build/micro_ros_setup': CMAKE_PREFIX_PATH=${CMAKE_PREFIX_PATH}:/home/tejasva/robotdog_ws_copy/install/robotdog_control:/opt/ros/humble /usr/bin/cmake --install /home/tejasva/robotdog_ws_copy/build/micro_ros_setup
[2.025s] Level 1:colcon.colcon_core.environment:create_environment_scripts_only(micro_ros_setup)
[2.026s] Level 1:colcon.colcon_core.environment:checking '/home/tejasva/robotdog_ws_copy/install/micro_ros_setup' for CMake module files
[2.026s] DEBUG:colcon.colcon_core.event_handler.log_command:Invoked command in '/home/tejasva/robotdog_ws_copy/build/micro_ros_setup' returned '0': CMAKE_PREFIX_PATH=${CMAKE_PREFIX_PATH}:/home/tejasva/robotdog_ws_copy/install/robotdog_control:/opt/ros/humble /usr/bin/cmake --install /home/tejasva/robotdog_ws_copy/build/micro_ros_setup
[2.027s] Level 1:colcon.colcon_core.environment:checking '/home/tejasva/robotdog_ws_copy/install/micro_ros_setup' for CMake config files
[2.027s] Level 1:colcon.colcon_core.shell:create_environment_hook('micro_ros_setup', 'cmake_prefix_path')
[2.028s] INFO:colcon.colcon_core.shell:Creating environment hook '/home/tejasva/robotdog_ws_copy/install/micro_ros_setup/share/micro_ros_setup/hook/cmake_prefix_path.ps1'
[2.028s] INFO:colcon.colcon_core.shell:Creating environment descriptor '/home/tejasva/robotdog_ws_copy/install/micro_ros_setup/share/micro_ros_setup/hook/cmake_prefix_path.dsv'
[2.028s] INFO:colcon.colcon_core.shell:Creating environment hook '/home/tejasva/robotdog_ws_copy/install/micro_ros_setup/share/micro_ros_setup/hook/cmake_prefix_path.sh'
[2.029s] Level 1:colcon.colcon_core.environment:checking '/home/tejasva/robotdog_ws_copy/install/micro_ros_setup/lib'
[2.029s] Level 1:colcon.colcon_core.environment:checking '/home/tejasva/robotdog_ws_copy/install/micro_ros_setup/bin'
[2.029s] Level 1:colcon.colcon_core.environment:checking '/home/tejasva/robotdog_ws_copy/install/micro_ros_setup/lib/pkgconfig/micro_ros_setup.pc'
[2.029s] Level 1:colcon.colcon_core.environment:checking '/home/tejasva/robotdog_ws_copy/install/micro_ros_setup/lib/python3.10/site-packages'
[2.030s] Level 1:colcon.colcon_core.environment:checking '/home/tejasva/robotdog_ws_copy/install/micro_ros_setup/bin'
[2.030s] INFO:colcon.colcon_core.shell:Creating package script '/home/tejasva/robotdog_ws_copy/install/micro_ros_setup/share/micro_ros_setup/package.ps1'
[2.031s] INFO:colcon.colcon_core.shell:Creating package descriptor '/home/tejasva/robotdog_ws_copy/install/micro_ros_setup/share/micro_ros_setup/package.dsv'
[2.031s] INFO:colcon.colcon_core.shell:Creating package script '/home/tejasva/robotdog_ws_copy/install/micro_ros_setup/share/micro_ros_setup/package.sh'
[2.031s] INFO:colcon.colcon_core.shell:Creating package script '/home/tejasva/robotdog_ws_copy/install/micro_ros_setup/share/micro_ros_setup/package.bash'
[2.032s] INFO:colcon.colcon_core.shell:Creating package script '/home/tejasva/robotdog_ws_copy/install/micro_ros_setup/share/micro_ros_setup/package.zsh'
[2.032s] Level 1:colcon.colcon_core.environment:create_file_with_runtime_dependencies(/home/tejasva/robotdog_ws_copy/install/micro_ros_setup/share/colcon-core/packages/micro_ros_setup)
[2.033s] Level 1:colcon.colcon_core.environment:create_environment_scripts_only(micro_ros_setup)
[2.033s] Level 1:colcon.colcon_core.environment:checking '/home/tejasva/robotdog_ws_copy/install/micro_ros_setup' for CMake module files
[2.034s] Level 1:colcon.colcon_core.environment:checking '/home/tejasva/robotdog_ws_copy/install/micro_ros_setup' for CMake config files
[2.034s] Level 1:colcon.colcon_core.shell:create_environment_hook('micro_ros_setup', 'cmake_prefix_path')
[2.034s] INFO:colcon.colcon_core.shell:Creating environment hook '/home/tejasva/robotdog_ws_copy/install/micro_ros_setup/share/micro_ros_setup/hook/cmake_prefix_path.ps1'
[2.035s] INFO:colcon.colcon_core.shell:Creating environment descriptor '/home/tejasva/robotdog_ws_copy/install/micro_ros_setup/share/micro_ros_setup/hook/cmake_prefix_path.dsv'
[2.035s] INFO:colcon.colcon_core.shell:Creating environment hook '/home/tejasva/robotdog_ws_copy/install/micro_ros_setup/share/micro_ros_setup/hook/cmake_prefix_path.sh'
[2.036s] Level 1:colcon.colcon_core.environment:checking '/home/tejasva/robotdog_ws_copy/install/micro_ros_setup/lib'
[2.036s] Level 1:colcon.colcon_core.environment:checking '/home/tejasva/robotdog_ws_copy/install/micro_ros_setup/bin'
[2.036s] Level 1:colcon.colcon_core.environment:checking '/home/tejasva/robotdog_ws_copy/install/micro_ros_setup/lib/pkgconfig/micro_ros_setup.pc'
[2.036s] Level 1:colcon.colcon_core.environment:checking '/home/tejasva/robotdog_ws_copy/install/micro_ros_setup/lib/python3.10/site-packages'
[2.037s] Level 1:colcon.colcon_core.environment:checking '/home/tejasva/robotdog_ws_copy/install/micro_ros_setup/bin'
[2.037s] INFO:colcon.colcon_core.shell:Creating package script '/home/tejasva/robotdog_ws_copy/install/micro_ros_setup/share/micro_ros_setup/package.ps1'
[2.038s] INFO:colcon.colcon_core.shell:Creating package descriptor '/home/tejasva/robotdog_ws_copy/install/micro_ros_setup/share/micro_ros_setup/package.dsv'
[2.038s] INFO:colcon.colcon_core.shell:Creating package script '/home/tejasva/robotdog_ws_copy/install/micro_ros_setup/share/micro_ros_setup/package.sh'
[2.039s] INFO:colcon.colcon_core.shell:Creating package script '/home/tejasva/robotdog_ws_copy/install/micro_ros_setup/share/micro_ros_setup/package.bash'
[2.039s] INFO:colcon.colcon_core.shell:Creating package script '/home/tejasva/robotdog_ws_copy/install/micro_ros_setup/share/micro_ros_setup/package.zsh'
[2.040s] Level 1:colcon.colcon_core.environment:create_file_with_runtime_dependencies(/home/tejasva/robotdog_ws_copy/install/micro_ros_setup/share/colcon-core/packages/micro_ros_setup)
[2.397s] Level 1:colcon.colcon_core.shell:create_environment_hook('robotdog_control', 'pythonpath_develop')
[2.398s] INFO:colcon.colcon_core.shell:Creating environment hook '/home/tejasva/robotdog_ws_copy/build/robotdog_control/share/robotdog_control/hook/pythonpath_develop.ps1'
[2.398s] DEBUG:colcon.colcon_core.event_handler.log_command:Invoked command in '/home/tejasva/robotdog_ws_copy/build/robotdog_control' returned '0': PYTHONPATH=/home/tejasva/robotdog_ws_copy/build/robotdog_control/prefix_override:/usr/lib/python3/dist-packages/colcon_core/task/python/colcon_distutils_commands:/home/tejasva/robotdog_ws_copy/install/robotdog_control/lib/python3.10/site-packages:${PYTHONPATH} /usr/bin/python3 -W ignore:setup.py install is deprecated -W ignore:easy_install command is deprecated setup.py develop --editable --build-directory /home/tejasva/robotdog_ws_copy/build/robotdog_control/build --no-deps symlink_data
[2.399s] INFO:colcon.colcon_core.shell:Creating environment descriptor '/home/tejasva/robotdog_ws_copy/build/robotdog_control/share/robotdog_control/hook/pythonpath_develop.dsv'
[2.399s] INFO:colcon.colcon_core.shell:Creating environment hook '/home/tejasva/robotdog_ws_copy/build/robotdog_control/share/robotdog_control/hook/pythonpath_develop.sh'
[2.400s] Level 1:colcon.colcon_core.environment:checking '/home/tejasva/robotdog_ws_copy/install/robotdog_control' for CMake module files
[2.401s] Level 1:colcon.colcon_core.environment:checking '/home/tejasva/robotdog_ws_copy/install/robotdog_control' for CMake config files
[2.401s] Level 1:colcon.colcon_core.environment:checking '/home/tejasva/robotdog_ws_copy/install/robotdog_control/lib'
[2.401s] Level 1:colcon.colcon_core.environment:checking '/home/tejasva/robotdog_ws_copy/install/robotdog_control/bin'
[2.402s] Level 1:colcon.colcon_core.environment:checking '/home/tejasva/robotdog_ws_copy/install/robotdog_control/lib/pkgconfig/robotdog_control.pc'
[2.402s] Level 1:colcon.colcon_core.environment:checking '/home/tejasva/robotdog_ws_copy/install/robotdog_control/lib/python3.10/site-packages'
[2.402s] Level 1:colcon.colcon_core.shell:create_environment_hook('robotdog_control', 'pythonpath')
[2.402s] INFO:colcon.colcon_core.shell:Creating environment hook '/home/tejasva/robotdog_ws_copy/install/robotdog_control/share/robotdog_control/hook/pythonpath.ps1'
[2.403s] INFO:colcon.colcon_core.shell:Creating environment descriptor '/home/tejasva/robotdog_ws_copy/install/robotdog_control/share/robotdog_control/hook/pythonpath.dsv'
[2.403s] INFO:colcon.colcon_core.shell:Creating environment hook '/home/tejasva/robotdog_ws_copy/install/robotdog_control/share/robotdog_control/hook/pythonpath.sh'
[2.404s] Level 1:colcon.colcon_core.environment:checking '/home/tejasva/robotdog_ws_copy/install/robotdog_control/bin'
[2.405s] Level 1:colcon.colcon_core.environment:create_environment_scripts_only(robotdog_control)
[2.405s] INFO:colcon.colcon_core.shell:Creating package script '/home/tejasva/robotdog_ws_copy/install/robotdog_control/share/robotdog_control/package.ps1'
[2.406s] INFO:colcon.colcon_core.shell:Creating package descriptor '/home/tejasva/robotdog_ws_copy/install/robotdog_control/share/robotdog_control/package.dsv'
[2.406s] INFO:colcon.colcon_core.shell:Creating package script '/home/tejasva/robotdog_ws_copy/install/robotdog_control/share/robotdog_control/package.sh'
[2.407s] INFO:colcon.colcon_core.shell:Creating package script '/home/tejasva/robotdog_ws_copy/install/robotdog_control/share/robotdog_control/package.bash'
[2.408s] INFO:colcon.colcon_core.shell:Creating package script '/home/tejasva/robotdog_ws_copy/install/robotdog_control/share/robotdog_control/package.zsh'
[2.408s] Level 1:colcon.colcon_core.environment:create_file_with_runtime_dependencies(/home/tejasva/robotdog_ws_copy/install/robotdog_control/share/colcon-core/packages/robotdog_control)
[2.782s] DEBUG:colcon.colcon_core.event_handler.log_command:Invoked command in '/home/tejasva/robotdog_ws_copy/build/micro_ros_msgs' returned '0': CMAKE_PREFIX_PATH=${CMAKE_PREFIX_PATH}:/home/tejasva/robotdog_ws_copy/install/robotdog_control:/opt/ros/humble /usr/bin/cmake /home/tejasva/robotdog_ws_copy/src/microros_ws/uros/micro_ros_msgs -DAMENT_CMAKE_SYMLINK_INSTALL=1 -DCMAKE_INSTALL_PREFIX=/home/tejasva/robotdog_ws_copy/install/micro_ros_msgs
[2.784s] DEBUG:colcon.colcon_core.event_handler.log_command:Invoking command in '/home/tejasva/robotdog_ws_copy/build/micro_ros_msgs': CMAKE_PREFIX_PATH=${CMAKE_PREFIX_PATH}:/home/tejasva/robotdog_ws_copy/install/robotdog_control:/opt/ros/humble /usr/bin/cmake --build /home/tejasva/robotdog_ws_copy/build/micro_ros_msgs -- -j16 -l16
[6.011s] DEBUG:colcon.colcon_core.event_handler.log_command:Invoked command in '/home/tejasva/robotdog_ws_copy/build/micro_ros_msgs' returned '0': CMAKE_PREFIX_PATH=${CMAKE_PREFIX_PATH}:/home/tejasva/robotdog_ws_copy/install/robotdog_control:/opt/ros/humble /usr/bin/cmake --build /home/tejasva/robotdog_ws_copy/build/micro_ros_msgs -- -j16 -l16
[6.012s] DEBUG:colcon.colcon_core.event_handler.log_command:Invoking command in '/home/tejasva/robotdog_ws_copy/build/micro_ros_msgs': CMAKE_PREFIX_PATH=${CMAKE_PREFIX_PATH}:/home/tejasva/robotdog_ws_copy/install/robotdog_control:/opt/ros/humble /usr/bin/cmake --install /home/tejasva/robotdog_ws_copy/build/micro_ros_msgs
[6.888s] Level 1:colcon.colcon_core.environment:create_environment_scripts_only(micro_ros_msgs)
[6.888s] Level 1:colcon.colcon_core.environment:checking '/home/tejasva/robotdog_ws_copy/install/micro_ros_msgs' for CMake module files
[6.889s] DEBUG:colcon.colcon_core.event_handler.log_command:Invoked command in '/home/tejasva/robotdog_ws_copy/build/micro_ros_msgs' returned '0': CMAKE_PREFIX_PATH=${CMAKE_PREFIX_PATH}:/home/tejasva/robotdog_ws_copy/install/robotdog_control:/opt/ros/humble /usr/bin/cmake --install /home/tejasva/robotdog_ws_copy/build/micro_ros_msgs
[6.890s] Level 1:colcon.colcon_core.environment:checking '/home/tejasva/robotdog_ws_copy/install/micro_ros_msgs' for CMake config files
[6.891s] Level 1:colcon.colcon_core.shell:create_environment_hook('micro_ros_msgs', 'cmake_prefix_path')
[6.891s] INFO:colcon.colcon_core.shell:Creating environment hook '/home/tejasva/robotdog_ws_copy/install/micro_ros_msgs/share/micro_ros_msgs/hook/cmake_prefix_path.ps1'
[6.892s] INFO:colcon.colcon_core.shell:Creating environment descriptor '/home/tejasva/robotdog_ws_copy/install/micro_ros_msgs/share/micro_ros_msgs/hook/cmake_prefix_path.dsv'
[6.892s] INFO:colcon.colcon_core.shell:Creating environment hook '/home/tejasva/robotdog_ws_copy/install/micro_ros_msgs/share/micro_ros_msgs/hook/cmake_prefix_path.sh'
[6.893s] Level 1:colcon.colcon_core.environment:checking '/home/tejasva/robotdog_ws_copy/install/micro_ros_msgs/lib'
[6.893s] Level 1:colcon.colcon_core.shell:create_environment_hook('micro_ros_msgs', 'ld_library_path_lib')
[6.893s] INFO:colcon.colcon_core.shell:Creating environment hook '/home/tejasva/robotdog_ws_copy/install/micro_ros_msgs/share/micro_ros_msgs/hook/ld_library_path_lib.ps1'
[6.893s] INFO:colcon.colcon_core.shell:Creating environment descriptor '/home/tejasva/robotdog_ws_copy/install/micro_ros_msgs/share/micro_ros_msgs/hook/ld_library_path_lib.dsv'
[6.894s] INFO:colcon.colcon_core.shell:Creating environment hook '/home/tejasva/robotdog_ws_copy/install/micro_ros_msgs/share/micro_ros_msgs/hook/ld_library_path_lib.sh'
[6.894s] Level 1:colcon.colcon_core.environment:checking '/home/tejasva/robotdog_ws_copy/install/micro_ros_msgs/bin'
[6.894s] Level 1:colcon.colcon_core.environment:checking '/home/tejasva/robotdog_ws_copy/install/micro_ros_msgs/lib/pkgconfig/micro_ros_msgs.pc'
[6.895s] Level 1:colcon.colcon_core.environment:checking '/home/tejasva/robotdog_ws_copy/install/micro_ros_msgs/lib/python3.10/site-packages'
[6.895s] Level 1:colcon.colcon_core.environment:checking '/home/tejasva/robotdog_ws_copy/install/micro_ros_msgs/bin'
[6.895s] INFO:colcon.colcon_core.shell:Creating package script '/home/tejasva/robotdog_ws_copy/install/micro_ros_msgs/share/micro_ros_msgs/package.ps1'
[6.896s] INFO:colcon.colcon_core.shell:Creating package descriptor '/home/tejasva/robotdog_ws_copy/install/micro_ros_msgs/share/micro_ros_msgs/package.dsv'
[6.896s] INFO:colcon.colcon_core.shell:Creating package script '/home/tejasva/robotdog_ws_copy/install/micro_ros_msgs/share/micro_ros_msgs/package.sh'
[6.896s] INFO:colcon.colcon_core.shell:Creating package script '/home/tejasva/robotdog_ws_copy/install/micro_ros_msgs/share/micro_ros_msgs/package.bash'
[6.897s] INFO:colcon.colcon_core.shell:Creating package script '/home/tejasva/robotdog_ws_copy/install/micro_ros_msgs/share/micro_ros_msgs/package.zsh'
[6.897s] Level 1:colcon.colcon_core.environment:create_file_with_runtime_dependencies(/home/tejasva/robotdog_ws_copy/install/micro_ros_msgs/share/colcon-core/packages/micro_ros_msgs)
[6.897s] Level 1:colcon.colcon_core.environment:create_environment_scripts_only(micro_ros_msgs)
[6.898s] Level 1:colcon.colcon_core.environment:checking '/home/tejasva/robotdog_ws_copy/install/micro_ros_msgs' for CMake module files
[6.898s] Level 1:colcon.colcon_core.environment:checking '/home/tejasva/robotdog_ws_copy/install/micro_ros_msgs' for CMake config files
[6.899s] Level 1:colcon.colcon_core.shell:create_environment_hook('micro_ros_msgs', 'cmake_prefix_path')
[6.899s] INFO:colcon.colcon_core.shell:Creating environment hook '/home/tejasva/robotdog_ws_copy/install/micro_ros_msgs/share/micro_ros_msgs/hook/cmake_prefix_path.ps1'
[6.899s] INFO:colcon.colcon_core.shell:Creating environment descriptor '/home/tejasva/robotdog_ws_copy/install/micro_ros_msgs/share/micro_ros_msgs/hook/cmake_prefix_path.dsv'
[6.900s] INFO:colcon.colcon_core.shell:Creating environment hook '/home/tejasva/robotdog_ws_copy/install/micro_ros_msgs/share/micro_ros_msgs/hook/cmake_prefix_path.sh'
[6.900s] Level 1:colcon.colcon_core.environment:checking '/home/tejasva/robotdog_ws_copy/install/micro_ros_msgs/lib'
[6.900s] Level 1:colcon.colcon_core.shell:create_environment_hook('micro_ros_msgs', 'ld_library_path_lib')
[6.901s] INFO:colcon.colcon_core.shell:Creating environment hook '/home/tejasva/robotdog_ws_copy/install/micro_ros_msgs/share/micro_ros_msgs/hook/ld_library_path_lib.ps1'
[6.901s] INFO:colcon.colcon_core.shell:Creating environment descriptor '/home/tejasva/robotdog_ws_copy/install/micro_ros_msgs/share/micro_ros_msgs/hook/ld_library_path_lib.dsv'
[6.901s] INFO:colcon.colcon_core.shell:Creating environment hook '/home/tejasva/robotdog_ws_copy/install/micro_ros_msgs/share/micro_ros_msgs/hook/ld_library_path_lib.sh'
[6.901s] Level 1:colcon.colcon_core.environment:checking '/home/tejasva/robotdog_ws_copy/install/micro_ros_msgs/bin'
[6.902s] Level 1:colcon.colcon_core.environment:checking '/home/tejasva/robotdog_ws_copy/install/micro_ros_msgs/lib/pkgconfig/micro_ros_msgs.pc'
[6.902s] Level 1:colcon.colcon_core.environment:checking '/home/tejasva/robotdog_ws_copy/install/micro_ros_msgs/lib/python3.10/site-packages'
[6.902s] Level 1:colcon.colcon_core.environment:checking '/home/tejasva/robotdog_ws_copy/install/micro_ros_msgs/bin'
[6.902s] INFO:colcon.colcon_core.shell:Creating package script '/home/tejasva/robotdog_ws_copy/install/micro_ros_msgs/share/micro_ros_msgs/package.ps1'
[6.903s] INFO:colcon.colcon_core.shell:Creating package descriptor '/home/tejasva/robotdog_ws_copy/install/micro_ros_msgs/share/micro_ros_msgs/package.dsv'
[6.903s] INFO:colcon.colcon_core.shell:Creating package script '/home/tejasva/robotdog_ws_copy/install/micro_ros_msgs/share/micro_ros_msgs/package.sh'
[6.904s] INFO:colcon.colcon_core.shell:Creating package script '/home/tejasva/robotdog_ws_copy/install/micro_ros_msgs/share/micro_ros_msgs/package.bash'
[6.904s] INFO:colcon.colcon_core.shell:Creating package script '/home/tejasva/robotdog_ws_copy/install/micro_ros_msgs/share/micro_ros_msgs/package.zsh'
[6.904s] Level 1:colcon.colcon_core.environment:create_file_with_runtime_dependencies(/home/tejasva/robotdog_ws_copy/install/micro_ros_msgs/share/colcon-core/packages/micro_ros_msgs)
[6.905s] INFO:colcon.colcon_ros.task.ament_cmake.build:Building ROS package in '/home/tejasva/robotdog_ws_copy/src/microros_ws/uros/micro-ROS-Agent/micro_ros_agent' with build type 'ament_cmake'
[6.905s] INFO:colcon.colcon_cmake.task.cmake.build:Building CMake package in '/home/tejasva/robotdog_ws_copy/src/microros_ws/uros/micro-ROS-Agent/micro_ros_agent'
[6.905s] INFO:colcon.colcon_core.shell:Skip shell extension 'powershell' for command environment: Not usable outside of PowerShell
[6.905s] DEBUG:colcon.colcon_core.shell:Skip shell extension 'dsv' for command environment
[6.916s] DEBUG:colcon.colcon_core.event_handler.log_command:Invoking command in '/home/tejasva/robotdog_ws_copy/build/micro_ros_agent': AMENT_PREFIX_PATH=/home/tejasva/robotdog_ws_copy/install/micro_ros_msgs:${AMENT_PREFIX_PATH} CMAKE_PREFIX_PATH=/home/tejasva/robotdog_ws_copy/install/micro_ros_msgs:/home/tejasva/robotdog_ws_copy/install/robotdog_teleop:/home/tejasva/robotdog_ws_copy/install/robotdog_msgs:/home/tejasva/robotdog_ws_copy/install/robotdog_description:/home/tejasva/robotdog_ws_copy/install/robotdog_control:/opt/ros/humble LD_LIBRARY_PATH=/home/tejasva/robotdog_ws_copy/install/micro_ros_msgs/lib:${LD_LIBRARY_PATH} PYTHONPATH=/home/tejasva/robotdog_ws_copy/install/micro_ros_msgs/local/lib/python3.10/dist-packages:${PYTHONPATH} /usr/bin/cmake /home/tejasva/robotdog_ws_copy/src/microros_ws/uros/micro-ROS-Agent/micro_ros_agent -DAMENT_CMAKE_SYMLINK_INSTALL=1 -DCMAKE_INSTALL_PREFIX=/home/tejasva/robotdog_ws_copy/install/micro_ros_agent
[7.276s] DEBUG:colcon.colcon_core.event_handler.log_command:Invoked command in '/home/tejasva/robotdog_ws_copy/build/micro_ros_agent' returned '0': AMENT_PREFIX_PATH=/home/tejasva/robotdog_ws_copy/install/micro_ros_msgs:${AMENT_PREFIX_PATH} CMAKE_PREFIX_PATH=/home/tejasva/robotdog_ws_copy/install/micro_ros_msgs:/home/tejasva/robotdog_ws_copy/install/robotdog_teleop:/home/tejasva/robotdog_ws_copy/install/robotdog_msgs:/home/tejasva/robotdog_ws_copy/install/robotdog_description:/home/tejasva/robotdog_ws_copy/install/robotdog_control:/opt/ros/humble LD_LIBRARY_PATH=/home/tejasva/robotdog_ws_copy/install/micro_ros_msgs/lib:${LD_LIBRARY_PATH} PYTHONPATH=/home/tejasva/robotdog_ws_copy/install/micro_ros_msgs/local/lib/python3.10/dist-packages:${PYTHONPATH} /usr/bin/cmake /home/tejasva/robotdog_ws_copy/src/microros_ws/uros/micro-ROS-Agent/micro_ros_agent -DAMENT_CMAKE_SYMLINK_INSTALL=1 -DCMAKE_INSTALL_PREFIX=/home/tejasva/robotdog_ws_copy/install/micro_ros_agent
[7.277s] DEBUG:colcon.colcon_core.event_handler.log_command:Invoking command in '/home/tejasva/robotdog_ws_copy/build/micro_ros_agent': AMENT_PREFIX_PATH=/home/tejasva/robotdog_ws_copy/install/micro_ros_msgs:${AMENT_PREFIX_PATH} CMAKE_PREFIX_PATH=/home/tejasva/robotdog_ws_copy/install/micro_ros_msgs:/home/tejasva/robotdog_ws_copy/install/robotdog_teleop:/home/tejasva/robotdog_ws_copy/install/robotdog_msgs:/home/tejasva/robotdog_ws_copy/install/robotdog_description:/home/tejasva/robotdog_ws_copy/install/robotdog_control:/opt/ros/humble LD_LIBRARY_PATH=/home/tejasva/robotdog_ws_copy/install/micro_ros_msgs/lib:${LD_LIBRARY_PATH} PYTHONPATH=/home/tejasva/robotdog_ws_copy/install/micro_ros_msgs/local/lib/python3.10/dist-packages:${PYTHONPATH} /usr/bin/cmake --build /home/tejasva/robotdog_ws_copy/build/micro_ros_agent -- -j16 -l16
[39.796s] DEBUG:colcon.colcon_core.event_handler.log_command:Invoked command in '/home/tejasva/robotdog_ws_copy/build/micro_ros_agent' returned '0': AMENT_PREFIX_PATH=/home/tejasva/robotdog_ws_copy/install/micro_ros_msgs:${AMENT_PREFIX_PATH} CMAKE_PREFIX_PATH=/home/tejasva/robotdog_ws_copy/install/micro_ros_msgs:/home/tejasva/robotdog_ws_copy/install/robotdog_teleop:/home/tejasva/robotdog_ws_copy/install/robotdog_msgs:/home/tejasva/robotdog_ws_copy/install/robotdog_description:/home/tejasva/robotdog_ws_copy/install/robotdog_control:/opt/ros/humble LD_LIBRARY_PATH=/home/tejasva/robotdog_ws_copy/install/micro_ros_msgs/lib:${LD_LIBRARY_PATH} PYTHONPATH=/home/tejasva/robotdog_ws_copy/install/micro_ros_msgs/local/lib/python3.10/dist-packages:${PYTHONPATH} /usr/bin/cmake --build /home/tejasva/robotdog_ws_copy/build/micro_ros_agent -- -j16 -l16
[39.798s] DEBUG:colcon.colcon_core.event_handler.log_command:Invoking command in '/home/tejasva/robotdog_ws_copy/build/micro_ros_agent': AMENT_PREFIX_PATH=/home/tejasva/robotdog_ws_copy/install/micro_ros_msgs:${AMENT_PREFIX_PATH} CMAKE_PREFIX_PATH=/home/tejasva/robotdog_ws_copy/install/micro_ros_msgs:/home/tejasva/robotdog_ws_copy/install/robotdog_teleop:/home/tejasva/robotdog_ws_copy/install/robotdog_msgs:/home/tejasva/robotdog_ws_copy/install/robotdog_description:/home/tejasva/robotdog_ws_copy/install/robotdog_control:/opt/ros/humble LD_LIBRARY_PATH=/home/tejasva/robotdog_ws_copy/install/micro_ros_msgs/lib:${LD_LIBRARY_PATH} PYTHONPATH=/home/tejasva/robotdog_ws_copy/install/micro_ros_msgs/local/lib/python3.10/dist-packages:${PYTHONPATH} /usr/bin/cmake --install /home/tejasva/robotdog_ws_copy/build/micro_ros_agent
[39.967s] Level 1:colcon.colcon_core.environment:create_environment_scripts_only(micro_ros_agent)
[39.968s] Level 1:colcon.colcon_core.environment:checking '/home/tejasva/robotdog_ws_copy/install/micro_ros_agent' for CMake module files
[39.969s] DEBUG:colcon.colcon_core.event_handler.log_command:Invoked command in '/home/tejasva/robotdog_ws_copy/build/micro_ros_agent' returned '0': AMENT_PREFIX_PATH=/home/tejasva/robotdog_ws_copy/install/micro_ros_msgs:${AMENT_PREFIX_PATH} CMAKE_PREFIX_PATH=/home/tejasva/robotdog_ws_copy/install/micro_ros_msgs:/home/tejasva/robotdog_ws_copy/install/robotdog_teleop:/home/tejasva/robotdog_ws_copy/install/robotdog_msgs:/home/tejasva/robotdog_ws_copy/install/robotdog_description:/home/tejasva/robotdog_ws_copy/install/robotdog_control:/opt/ros/humble LD_LIBRARY_PATH=/home/tejasva/robotdog_ws_copy/install/micro_ros_msgs/lib:${LD_LIBRARY_PATH} PYTHONPATH=/home/tejasva/robotdog_ws_copy/install/micro_ros_msgs/local/lib/python3.10/dist-packages:${PYTHONPATH} /usr/bin/cmake --install /home/tejasva/robotdog_ws_copy/build/micro_ros_agent
[39.969s] Level 1:colcon.colcon_core.environment:checking '/home/tejasva/robotdog_ws_copy/install/micro_ros_agent' for CMake config files
[39.971s] Level 1:colcon.colcon_core.shell:create_environment_hook('micro_ros_agent', 'cmake_prefix_path')
[39.971s] INFO:colcon.colcon_core.shell:Creating environment hook '/home/tejasva/robotdog_ws_copy/install/micro_ros_agent/share/micro_ros_agent/hook/cmake_prefix_path.ps1'
[39.971s] INFO:colcon.colcon_core.shell:Creating environment descriptor '/home/tejasva/robotdog_ws_copy/install/micro_ros_agent/share/micro_ros_agent/hook/cmake_prefix_path.dsv'
[39.972s] INFO:colcon.colcon_core.shell:Creating environment hook '/home/tejasva/robotdog_ws_copy/install/micro_ros_agent/share/micro_ros_agent/hook/cmake_prefix_path.sh'
[39.972s] Level 1:colcon.colcon_core.environment:checking '/home/tejasva/robotdog_ws_copy/install/micro_ros_agent/lib'
[39.972s] Level 1:colcon.colcon_core.shell:create_environment_hook('micro_ros_agent', 'ld_library_path_lib')
[39.973s] INFO:colcon.colcon_core.shell:Creating environment hook '/home/tejasva/robotdog_ws_copy/install/micro_ros_agent/share/micro_ros_agent/hook/ld_library_path_lib.ps1'
[39.973s] INFO:colcon.colcon_core.shell:Creating environment descriptor '/home/tejasva/robotdog_ws_copy/install/micro_ros_agent/share/micro_ros_agent/hook/ld_library_path_lib.dsv'
[39.973s] INFO:colcon.colcon_core.shell:Creating environment hook '/home/tejasva/robotdog_ws_copy/install/micro_ros_agent/share/micro_ros_agent/hook/ld_library_path_lib.sh'
[39.974s] Level 1:colcon.colcon_core.environment:checking '/home/tejasva/robotdog_ws_copy/install/micro_ros_agent/bin'
[39.974s] Level 1:colcon.colcon_core.environment:checking '/home/tejasva/robotdog_ws_copy/install/micro_ros_agent/lib/pkgconfig/micro_ros_agent.pc'
[39.974s] Level 1:colcon.colcon_core.environment:checking '/home/tejasva/robotdog_ws_copy/install/micro_ros_agent/lib/python3.10/site-packages'
[39.974s] Level 1:colcon.colcon_core.environment:checking '/home/tejasva/robotdog_ws_copy/install/micro_ros_agent/bin'
[39.974s] INFO:colcon.colcon_core.shell:Creating package script '/home/tejasva/robotdog_ws_copy/install/micro_ros_agent/share/micro_ros_agent/package.ps1'
[39.975s] INFO:colcon.colcon_core.shell:Creating package descriptor '/home/tejasva/robotdog_ws_copy/install/micro_ros_agent/share/micro_ros_agent/package.dsv'
[39.975s] INFO:colcon.colcon_core.shell:Creating package script '/home/tejasva/robotdog_ws_copy/install/micro_ros_agent/share/micro_ros_agent/package.sh'
[39.976s] INFO:colcon.colcon_core.shell:Creating package script '/home/tejasva/robotdog_ws_copy/install/micro_ros_agent/share/micro_ros_agent/package.bash'
[39.976s] INFO:colcon.colcon_core.shell:Creating package script '/home/tejasva/robotdog_ws_copy/install/micro_ros_agent/share/micro_ros_agent/package.zsh'
[39.976s] Level 1:colcon.colcon_core.environment:create_file_with_runtime_dependencies(/home/tejasva/robotdog_ws_copy/install/micro_ros_agent/share/colcon-core/packages/micro_ros_agent)
[39.977s] Level 1:colcon.colcon_core.environment:create_environment_scripts_only(micro_ros_agent)
[39.977s] Level 1:colcon.colcon_core.environment:checking '/home/tejasva/robotdog_ws_copy/install/micro_ros_agent' for CMake module files
[39.977s] Level 1:colcon.colcon_core.environment:checking '/home/tejasva/robotdog_ws_copy/install/micro_ros_agent' for CMake config files
[39.978s] Level 1:colcon.colcon_core.shell:create_environment_hook('micro_ros_agent', 'cmake_prefix_path')
[39.978s] INFO:colcon.colcon_core.shell:Creating environment hook '/home/tejasva/robotdog_ws_copy/install/micro_ros_agent/share/micro_ros_agent/hook/cmake_prefix_path.ps1'
[39.978s] INFO:colcon.colcon_core.shell:Creating environment descriptor '/home/tejasva/robotdog_ws_copy/install/micro_ros_agent/share/micro_ros_agent/hook/cmake_prefix_path.dsv'
[39.979s] INFO:colcon.colcon_core.shell:Creating environment hook '/home/tejasva/robotdog_ws_copy/install/micro_ros_agent/share/micro_ros_agent/hook/cmake_prefix_path.sh'
[39.979s] Level 1:colcon.colcon_core.environment:checking '/home/tejasva/robotdog_ws_copy/install/micro_ros_agent/lib'
[39.979s] Level 1:colcon.colcon_core.shell:create_environment_hook('micro_ros_agent', 'ld_library_path_lib')
[39.980s] INFO:colcon.colcon_core.shell:Creating environment hook '/home/tejasva/robotdog_ws_copy/install/micro_ros_agent/share/micro_ros_agent/hook/ld_library_path_lib.ps1'
[39.980s] INFO:colcon.colcon_core.shell:Creating environment descriptor '/home/tejasva/robotdog_ws_copy/install/micro_ros_agent/share/micro_ros_agent/hook/ld_library_path_lib.dsv'
[39.980s] INFO:colcon.colcon_core.shell:Creating environment hook '/home/tejasva/robotdog_ws_copy/install/micro_ros_agent/share/micro_ros_agent/hook/ld_library_path_lib.sh'
[39.981s] Level 1:colcon.colcon_core.environment:checking '/home/tejasva/robotdog_ws_copy/install/micro_ros_agent/bin'
[39.981s] Level 1:colcon.colcon_core.environment:checking '/home/tejasva/robotdog_ws_copy/install/micro_ros_agent/lib/pkgconfig/micro_ros_agent.pc'
[39.981s] Level 1:colcon.colcon_core.environment:checking '/home/tejasva/robotdog_ws_copy/install/micro_ros_agent/lib/python3.10/site-packages'
[39.981s] Level 1:colcon.colcon_core.environment:checking '/home/tejasva/robotdog_ws_copy/install/micro_ros_agent/bin'
[39.981s] INFO:colcon.colcon_core.shell:Creating package script '/home/tejasva/robotdog_ws_copy/install/micro_ros_agent/share/micro_ros_agent/package.ps1'
[39.982s] INFO:colcon.colcon_core.shell:Creating package descriptor '/home/tejasva/robotdog_ws_copy/install/micro_ros_agent/share/micro_ros_agent/package.dsv'
[39.982s] INFO:colcon.colcon_core.shell:Creating package script '/home/tejasva/robotdog_ws_copy/install/micro_ros_agent/share/micro_ros_agent/package.sh'
[39.983s] INFO:colcon.colcon_core.shell:Creating package script '/home/tejasva/robotdog_ws_copy/install/micro_ros_agent/share/micro_ros_agent/package.bash'
[39.983s] INFO:colcon.colcon_core.shell:Creating package script '/home/tejasva/robotdog_ws_copy/install/micro_ros_agent/share/micro_ros_agent/package.zsh'
[39.983s] Level 1:colcon.colcon_core.environment:create_file_with_runtime_dependencies(/home/tejasva/robotdog_ws_copy/install/micro_ros_agent/share/colcon-core/packages/micro_ros_agent)
[39.984s] DEBUG:colcon.colcon_parallel_executor.executor.parallel:closing loop
[39.984s] DEBUG:colcon.colcon_parallel_executor.executor.parallel:loop closed
[39.984s] DEBUG:colcon.colcon_parallel_executor.executor.parallel:run_until_complete finished with '0'
[39.984s] DEBUG:colcon.colcon_core.event_reactor:joining thread
[40.001s] INFO:colcon.colcon_core.plugin_system:Skipping extension 'colcon_notification.desktop_notification.terminal_notifier': Not used on non-Darwin systems
[40.001s] INFO:colcon.colcon_core.plugin_system:Skipping extension 'colcon_notification.desktop_notification.win32': Not used on non-Windows systems
[40.001s] INFO:colcon.colcon_notification.desktop_notification:Sending desktop notification using 'notify2'
[40.014s] DEBUG:colcon.colcon_core.event_reactor:joined thread
[40.014s] INFO:colcon.colcon_core.shell:Creating prefix script '/home/tejasva/robotdog_ws_copy/install/local_setup.ps1'
[40.015s] INFO:colcon.colcon_core.shell:Creating prefix util module '/home/tejasva/robotdog_ws_copy/install/_local_setup_util_ps1.py'
[40.017s] INFO:colcon.colcon_core.shell:Creating prefix chain script '/home/tejasva/robotdog_ws_copy/install/setup.ps1'
[40.018s] INFO:colcon.colcon_core.shell:Creating prefix script '/home/tejasva/robotdog_ws_copy/install/local_setup.sh'
[40.018s] INFO:colcon.colcon_core.shell:Creating prefix util module '/home/tejasva/robotdog_ws_copy/install/_local_setup_util_sh.py'
[40.019s] INFO:colcon.colcon_core.shell:Creating prefix chain script '/home/tejasva/robotdog_ws_copy/install/setup.sh'
[40.020s] INFO:colcon.colcon_core.shell:Creating prefix script '/home/tejasva/robotdog_ws_copy/install/local_setup.bash'
[40.021s] INFO:colcon.colcon_core.shell:Creating prefix chain script '/home/tejasva/robotdog_ws_copy/install/setup.bash'
[40.022s] INFO:colcon.colcon_core.shell:Creating prefix script '/home/tejasva/robotdog_ws_copy/install/local_setup.zsh'
[40.022s] INFO:colcon.colcon_core.shell:Creating prefix chain script '/home/tejasva/robotdog_ws_copy/install/setup.zsh'
